,,,,,,,,,,,,,,,,,,,,,,,,,,,,,,,,,,,,,,,,,,,,,,,,,,,,,,,,,,,,,,,,,,,,,,,,,,,,,,,,,,,,,,,,,,,,,,,,,,,,,,,,,,,,,,,,,,,,,,,,,,,,,,,,,,,,,,,,,,,,,,,,,,,,,,,,,,,,,,,,,,,,,,,,,,,,,,,,,,,,,,,,,,,,,,,,,,,,,,,,,,,,,,,,,,,,,,,,,,,,,,,,,,,,,,,,,,,,,,,,,,,,,,,,,,,,,,,,,,,,,,,,,,,,,,,,,,,,,,,,,,,,,,,,,,,,,,,,,,,,,,,,,,,,,,,,,,,,,,,,,,,,,,,,,,,,,,,,,,,,,,,,,,,,,,,,,,,,,,,,,,,,,,,,,,,,,,,,,,,,,,,,,,,,,,,,,,,,,,,,,,,,,,,,,,,,,,,,,,,,,,,,,,,,,,,,,,,,,,,,,,,,,,,,,,,,,,,,,,,,,,,,,,,
,,,,,,,,,,,,,,,,,,,,,,,,,,,,,,,,,,,,,,,,,,,,,,,,,,,,,,,,,,,,,,,,,,,,,,,,,,,,,,,,,,,,,,,,,,,,,,,,,,,,,,,,,,,,,,,,,,,,,,,,,,,,,,,,,,,,,,,,,,,,,,,,,,,,,,,,,,,,,,,,,,,,,,,,,,,,,,,,,,,,,,,,,,,,,,,,,,,,,,,,,,,,,,,,,,,,,,,,,,,,,,,,,,,,,,,,,,,,,,,,,,,,,,,,,,,,,,,,,,,,,,,,,,,,,,,,,,,,,,,,,,,,,,,,,,,,,,,,,,,,,,,,,,,,,,,,,,,,,,,,,,,,,,,,,,,,,,,,,,,,,,,,,,,,,,,,,,,,,,,,,,,,,,,,,,,,,,,,,,,,,,,,,,,,,,,,,,,,,,,,,,,,,,,,,,,,,,,,,,,,,,,,,,,,,,,,,,,,,,,,,,,,,,,,,,,,,,,,,,,,,,,,,,,
,,,,,,,,,,,,,,,,,,,,,,,,,,,,,,,,,,,,,,,,,,,,,,,,,,,,,,,,,,,,,,,,,,,,,,,,,,,,,,,,,,,,,,,,,,,,,,,,,,,,,,,,,,,,,,,,,,,,,,,,,,,,,,,,,,,,,,,,,,,,,,,,,,,,,,,,,,,,,,,,,,,,,,,,,,,,,,,,,,,,,,,,,,,,,,,,,,,,,,,,,,,,,,,,,,,,,,,,,,,,,,,,,,,,,,,,,,,,,,,,,,,,,,,,,,,,,,,,,,,,,,,,,,,,,,,,,,,,,,,,,,,,,,,,,,,,,,,,,,,,,,,,,,,,,,,,,,,,,,,,,,,,,,,,,,,,,,,,,,,,,,,,,,,,,,,,,,,,,,,,,,,,,,,,,,,,,,,,,,,,,,,,,,,,,,,,,,,,,,,,,,,,,,,,,,,,,,,,,,,,,,,,,,,,,,,,,,,,,,,,,,,,,,,,,,,,,,,,,,,,,,,,,,,
,,Ширина пролета,3,,Комната весовщика,,,,,,,,Ширина пролета,"5,5",,"Комната охраны 6х7м h=3,4 - 4,2м",,,,,,,,Ширина пролета,6,,Дезбарьер / Весовая,,,,,,,,Ширина пролета,9,,,,,,,,,,Ширина пролета,12,,,,,,,,,,Ширина пролета,"12,4",,,,,,,,,,Ширина пролета,12,Литейщик 4 снег,,,,,,,,,Ширина пролета,15,,,,,,,,,,Ширина пролета,"15,5",Менделеево,,,,,,,,,Ширина пролета,4,,,,,,,,,,Ширина пролета,18,,,,,,,,,,Ширина пролета,10,,,,,,,,,,Ширина пролета,"20,4",,,,ДМБ,,,,,,Ширина пролета,"20,4",,,,Выстовочный зал,,,,,,Ширина пролета,21,,,,,,,,,,Ширина пролета,21,,,,,,,,,,Ширина пролета,24,,,,,,,,,,Ширина пролета,24,Сенохранилище,,,,,,,,,Ширина пролета,25,Бипласт,,,,,,,,,Ширина пролета,25,,,,,,,,,,Ширина пролета,25,,,,,,,,,,Ширина пролета,36,,,,,,,,,,Ширина пролета,"32,6",,22 гр,,,,,,,,Ширина пролета,"32,6",,22 гр,,,,,,,,Ширина пролета,32,,22 гр,,,,,,,,Ширина пролета,28,,20 гр,,Телятник,,,,,,Ширина пролета,28,,20 гр,,Телятник,,,,,,Ширина пролета,28,,16 гр,,,,,,,,Ширина пролета,45,,,,,,,,,,Ширина пролета,36,,,,,,,,,,Ширина пролета,10,,,,,,,,,,,Ширина пролета,12,,,,,,,,,,,Ширина пролета,7,,,,односкат,,,,,,,,Ширина пролета,18,,,,Сэндвич,,,,,,,Ширина пролета,7,,,,новое ТУ,,,,,,,,Ширина пролета,7,,,,новое ТУ,,,,,,,,Ширина пролета,7,,,,новое ТУ,,,,,,,,,Ширина пролета,7,,,,новое ТУ,,,,,,,,Ширина пролета,7,,,,новое ТУ,,,,,,,,Ширина пролета,10,,,,новое ТУ,,,,,,,,Ширина пролета,7,,,,новое ТУ,,
,,Высота боковой стены,"2,5",,,,,,,,,,Высота боковой стены,"3,2",,,,,,,,,,Высота боковой стены,"5,2",,,,,,,,,,Высота боковой стены,"3,6",,,,,,,,,,Высота боковой стены,"3,6",,,,,,,,,,Высота боковой стены,"4,5",,,,,,,,,,Высота боковой стены,"4,7",под профлист,,,,,,,,,Высота боковой стены,"3,6",,,,,,,,,,Высота боковой стены,9,,,,,,,,,,Высота боковой стены,"4,7",,,,,,,,,,Высота боковой стены,"3,6",,,,,,,,,,Высота боковой стены,4,до конструк,,,Гараж,,,,,,Высота боковой стены,"4,3",,,,,,,,,,Высота боковой стены,"4,3",,,,,,,,,,Высота боковой стены,"3,6",,,,,,,,,,Высота боковой стены,"6,3",,,,,,,,,,Высота боковой стены,"3,6",,,,,,,,,,Высота боковой стены,"8,9",,,,,,,,,,Высота боковой стены,"6,8",,,,,,,,,,Высота боковой стены,"2,5",,,,,,,,,,Высота боковой стены,"2,5",,,,,,,,,,Высота боковой стены,"3,6",,,,,,,,,,Высота боковой стены,4,,,,,,,,,,Высота боковой стены,4,,,,,,,,,,Высота боковой стены,"4,2",,,,,,,,,,Высота боковой стены,4,,,,под сэндвич,,,,,,Высота боковой стены,4,,,,под профлист,,,,,,Высота боковой стены,4,,,,с коньком ТРУБА,,,,,,Высота боковой стены,"8,2",,,,,,,,,,Высота боковой стены,"7,5",,,,,,,,,,Высота боковой стены,4,до конструк,,,Гараж,,,,,,,Высота боковой стены,5,до конструк,,,мойка,,,,,,,Высота боковой стены,"5,5",,,,мойка,,,,,,,,Высота боковой стены,"7,5",,,,,,,,,,,Высота боковой стены,"5,5",,,,,,,,,,,,Высота боковой стены,"5,5",,,,.21.06,,,,,,,,Высота боковой стены,"5,5",,,,.09.09,,,,,,,,,Высота боковой стены,"5,5",,,,.08.10,,,,,,,,Высота боковой стены,"5,5",,,,.05.04.2022,,,,,,,,Высота боковой стены,5,,,,.27.05.2022,,,,,,,,Высота боковой стены,"5,5",,,,.17.01.2024,,
,,Кол-во пролетов,1,,,,,,,,,,Кол-во пролетов,1,,,,,,,,,,Кол-во пролетов,6,,,,,,,,,,Кол-во пролетов,7,,,,,,,,,,Кол-во пролетов,7,,,,,,,,,,Кол-во пролетов,8,,,,,,,,,,Кол-во пролетов,5,,,,,,,,,,Кол-во пролетов,7,,,,,,,,,,Кол-во пролетов,5,,,,,,,,,,Кол-во пролетов,12,,,,,,,,,,Кол-во пролетов,7,,,,,,,,,,Кол-во пролетов,10,,,,,,,,,,Кол-во пролетов,10,,,,,,,,,,Кол-во пролетов,10,,,,,,,,,,Кол-во пролетов,7,,,,,,,,,,Кол-во пролетов,9,,,,,,,,,,Кол-во пролетов,7,,,,,,,,,,Кол-во пролетов,15,,Колоны черные 35Б1,,,,,,,,Кол-во пролетов,8,,,,,,,,,,Кол-во пролетов,12,,,,,,,,,,Кол-во пролетов,8,,,,,,,,,,Кол-во пролетов,7,,,,,,,,,,Кол-во пролетов,19,,,,Колоны черные,,,,,,Кол-во пролетов,19,,,,,,,,,,Кол-во пролетов,19,,,,,,,,,,Кол-во пролетов,19,,,,Колоны черные,,,,,,Кол-во пролетов,19,,,,Колоны черные,,,,,,Кол-во пролетов,19,,,,,,,,,,Кол-во пролетов колон,24,,,,,,,,,,Кол-во пролетов балок,19,,,,,,,,,,Кол-во пролетов,6,,,,,,,,,,,Кол-во пролетов,5,,,,,,,,,,,Кол-во пролетов,3,,,,2-й вариант,,,,,,,,Кол-во пролетов,10,,,,Реальное,,,,,,,Кол-во пролетов,3,,,,,,,,,,,,Кол-во пролетов,4,,,,,,,,,,,,Кол-во пролетов,4,,,,,,,,,,,,,Кол-во пролетов,4,,,,,,,,,,,,Кол-во пролетов,4,,,,,,,,,,,,Кол-во пролетов,2,,,,,,,,,,,,Кол-во пролетов,4,,,,,,
,,Связевой блок,1,на каждые 40 м,,,,,,,,,Связевой блок,1,на каждые 40 м,,,,,,,,,Связевой блок,1,на каждые 40 м,,,,,,,,,Связевой блок,1,на каждые 40 м,,,,,,,,,Связевой блок,1,на каждые 40 м,,,,,,,,,Связевой блок,1,на каждые 40 м,,,,,,,,,Связевой блок,1,на каждые 40 м,,,,,,,,,Связевой блок,1,на каждые 40 м,,,,,,,,,Связевой блок,1,на каждые 40 м,,,,,,,,,Связевой блок,2,на каждые 40 м,,,,,,,,,Связевой блок,1,на каждые 40 м,,,,,,,,,Связевой блок,2,на каждые 40 м,,,,,,,,,Связевой блок,2,на каждые 40 м,,,,,,,,,Связевой блок,2,на каждые 40 м,,,,,,,,,Связевой блок,1,на каждые 40 м,,,,,,,,,Связевой блок,1,на каждые 40 м,,,,,,,,,Связевой блок,1,на каждые 40 м,,,,,,,,,Связевой блок,2,на каждые 40 м,,,,,,,,,Связевой блок,1,на каждые 40 м,,,,,,,,,Связевой блок,1,на каждые 40 м,,,,,,,,,Связевой блок,1,на каждые 40 м,,,,,,,,,Связевой блок,1,на каждые 40 м,,,,,,,,,Связевой блок,3,на каждые 40 м,,,,,,,,,Связевой блок,3,на каждые 40 м,,,,,,,,,Связевой блок,3,на каждые 40 м,,,,,,,,,Связевой блок,3,на каждые 40 м,,,,,,,,,Связевой блок,3,на каждые 40 м,,,,,,,,,Связевой блок,3,на каждые 40 м,,,,,,,,,Кол-во пролетов балок,48,,,,,,,,,,Связевой блок,4,на каждые 40 м,,,,,,,,,Связевой блок,1,на каждые 40 м,,,,,,,,,,Связевой блок,1,на каждые 40 м,,,,,,,,,,Связевой блок,1,на каждые 40 м,,,,,,,,,,,Связевой блок,2,на каждые 40 м,,,,,,,,,,Связевой блок,1,на каждые 40 м,,,,,,,,,,,Связевой блок,1,на каждые 40 м,,,,,,,,,,,Связевой блок,1,на каждые 40 м,,,,,,,,,,,,Связевой блок,1,на каждые 40 м,,,,,,,,,,,Связевой блок,1,на каждые 40 м,,,,,,,,,,,Связевой блок,1,на каждые 40 м,,,,,,,,,,,Связевой блок,1,на каждые 40 м,,,,,
,,Кол. распорок в пролете,1,"если больше 4,8м",еще 2 распорки на пролет,,,,,,,,Кол. распорок в пролете,1,"если больше 4,8м",еще 2 распорки на пролет,,,,,,,,Кол. распорок в пролете,4,"если больше 4,8м",еще 2 распорки на пролет,,,,,,,,Кол. распорок в пролете,1,"если больше 4,8м",еще 2 распорки на пролет,,,,,,,,Кол. распорок в пролете,1,"если больше 4,8м",еще 2 распорки на пролет,,,,,,,,Кол. распорок в пролете,1,"если больше 4,8м",еще 2 распорки на пролет,,,,,,,,Кол. распорок в пролете,2,"если больше 4,8м",еще 2 распорки на пролет,,,,,,,,Кол. распорок в пролете,1,"если больше 4,8м",еще 2 распорки на пролет,,,,,,,,Кол. распорок в пролете,4,"если больше 4,8м",еще 2 распорки на пролет,,,,,,,,Кол. распорок в пролете,1,"если больше 4,8м",еще 2 распорки на пролет,,,,,,,,Кол. распорок в пролете,1,"если больше 4,8м",еще 2 распорки на пролет,,,,,,,,Кол. распорок в пролете,3,"если больше 4,8м",еще 2 распорки на пролет,,,,,,,,Кол. распорок в пролете,3,"если больше 4,8м",еще 2 распорки на пролет,,,,,,,,Кол. распорок в пролете,3,"если больше 4,8м",еще 2 распорки на пролет,,,,,,,,Кол. распорок в пролете,1,"если больше 4,8м",еще 2 распорки на пролет,,,,,,,,Кол. распорок в пролете,4,"если больше 4,8м",еще 2 распорки на пролет,,,,,,,,Кол. распорок в пролете,1,"если больше 4,8м",еще 2 распорки на пролет,,,,,,,,Кол. распорок в пролете,8,"если больше 4,8м",еще 2 распорки на пролет,,,,,,,,Кол. распорок в пролете,3,"если больше 4,8м",еще 2 распорки на пролет,,,,,,,,Кол. распорок в пролете,1,"если больше 4,8м",еще 2 распорки на пролет,,,,,,,,Кол. распорок в пролете,1,"если больше 4,8м",еще 2 распорки на пролет,,,,,,,,Кол. распорок в пролете,1,"если больше 4,8м",еще 2 распорки на пролет,,,,,,,,Кол. распорок в пролете,1,"если больше 4,8м",еще 2 распорки на пролет,,,,,,,,Кол. распорок в пролете,1,"если больше 4,8м",еще 2 распорки на пролет,,,,,,,,Кол. распорок в пролете,1,"если больше 4,8м",еще 2 распорки на пролет,,,,,,,,Кол. распорок в пролете,1,"если больше 4,8м",еще 2 распорки на пролет,,,,,,,,Кол. распорок в пролете,1,"если больше 4,8м",еще 2 распорки на пролет,,,,,,,,Кол. распорок в пролете,1,"если больше 4,8м",еще 2 распорки на пролет,,,,,,,,Связевой блок,5,на каждые 40 м,,,,,,,,,Кол. распорок в пролете,1,"если больше 4,8м",еще 2 распорки на пролет,,,,,,,,Кол. распорок в пролете,3,"если больше 4,8м",еще 2 распорки на пролет,,,,,,,,,Кол. распорок в пролете,2,"если больше 4,8м",еще 2 распорки на пролет,,,,,,,,,Кол. распорок в пролете,2,"если больше 4,8м",еще 2 распорки на пролет,,,,,,,,,,Кол. распорок в пролете,3,"если больше 4,8м",еще 2 распорки на пролет,,,,,,,,,Кол. распорок в пролете,2,"если больше 4,8м",еще 2 распорки на пролет,,,,,,,,,,Кол. распорок в пролете,2,"если больше 4,8м",еще 2 распорки на пролет,,,,,,,,,,Кол. распорок в пролете,2,"если больше 4,8м",еще 2 распорки на пролет,,,,,,,,,,,Кол. распорок в пролете,2,"если больше 4,8м",еще 2 распорки на пролет,,,,,,,,,,Кол. распорок в пролете,2,"если больше 4,8м",еще 2 распорки на пролет,,,,,,,,,,Кол. распорок в пролете,3,"если больше 4,8м",еще 2 распорки на пролет,,,,,,,,,,Кол. распорок в пролете,2,"если больше 4,8м",еще 2 распорки на пролет,,,,
,,Шаг колон,3,,,,,,,,,,Шаг колон,5,,,,,,,,,,Шаг колон,"4,5",,,,,,,,,,Шаг колон,4,,,,,,,,,,Шаг колон,4,,,,,,,,,,Шаг колон,4,,,,,,,,,,Шаг колон,5,,,,,,,,,,Шаг колон,"4,5",,,,,,,,,,Шаг колон,"4,4",,,,,,,,,,Шаг колон,5,,,,,,,,,,Шаг колон,4,,,,,,,,,,Шаг колон,"4,5",,,,,,,,,,Шаг колон,"4,8",,,,,,,,,,Шаг колон,"4,8",,,,,,,,,,Шаг колон,"3,5",,,,,,,,,,Шаг колон,"3,5",,,,,,,,,,Шаг колон,4,,,,,,,,,,Шаг колон,5,,,,,,,,,,Шаг колон,4,,,,,,,,,,Шаг колон,4,,,,,,,,,,Шаг колон,6,,,,,,,,,,Шаг колон,"4,5",,,,,,,,,,Шаг колон,"4,8",,,,,,,,,,Шаг колон,"4,8",,,,,,,,,,Шаг колон,"4,8",,,,,,,,,,Шаг колон,5,,,,,,,,,,Шаг колон,5,,,,,,,,,,Шаг колон,"4,8",,,,,,,,,,Кол. распорок в пролете,3,"если больше 4,8м",еще 2 распорки на пролет,,,,,,,,Шаг колон,6,,,,,,,,,,Шаг колон,"4,5",,,,,,,,,,,Шаг колон,"4,5",,,,,,,,,,,Шаг колон,5,,,,,,,,,,,,Шаг колон,"4,5",,,,,,,,,,,Шаг колон,5,,,,,,,,,,,,Шаг колон,5,,,,,,,,,,,,Шаг колон,5,,,,,,,,,,,,,Шаг колон,5,,,,,,,,,,,,Шаг колон,5,,,,,,,,,,,,Шаг колон,6,,,,,,,,,,,,Шаг колон,5,,,,,,
,,Длина здания,3,,,,,,,,,,Длина здания,5,,,,,,,,,,Длина здания,27,,,,,,,,,,Длина здания,28,,,,,,,,,,Длина здания,28,,,,,,,,,,Длина здания,32,,,,,,,,,,Длина здания,25,,,,,,,,,,Длина здания,"31,5",,,,,,,,,,Длина здания,22,,,,,,,,,,Длина здания,60,,,,,,,,,,Длина здания,28,,,,,,,,,,Длина здания,45,,,,,,,,,,Длина здания,48,,,,,,,,,,Длина здания,48,,,,,,,,,,Длина здания,"24,5",,,,,,,,,,Длина здания,"31,5",,,,,,,,,,Длина здания,28,,,,,,,,,,Длина здания,75,,,,,,,,,,Длина здания,32,,,,,,,,,,Длина здания,48,,,,,,,,,,Длина здания,48,,,,,,,,,,Длина здания,"31,5",,,,,,,,,,Длина здания,"91,2",,,,,,,,,,Длина здания,"91,2",,,,,,,,,,Длина здания,"91,2",,,,,,,,,,Длина здания,95,,,,,,,,,,Длина здания,95,,,,,,,,,,Длина здания,"91,2",,,,,,,,,,Шаг колон,9,,,,,,,,,,Длина здания,114,,,,,,,,,,Длина здания,27,,,,,,,,,,,Длина здания,"22,5",,,,,,,,,,,Длина здания,15,,,,,,,,,,,,Длина здания,45,,,,,,,,,,,Длина здания,15,,,,,,,,,,,,Длина здания,20,,,,,,,,,,,,Длина здания,20,,,,,,,,,,,,,Длина здания,20,,,,,,,,,,,,Длина здания,20,,,,,,,,,,,,Длина здания,12,,,,,,,,,,,,Длина здания,20,,,,,,
,,Площадь здания,9,,,,,,,,,,Площадь здания,"27,5",,,,,,,,,,Площадь здания,162,,,,,,,,,,Площадь здания,252,,,,,,,,,,Площадь здания,336,,,,,,,,,,Площадь здания,"396,8",,,,,,,,,,Площадь здания,300,,,,,,,,,,Площадь здания,"472,5",,,,,,,,,,Площадь здания,341,,,,,,,,,,Площадь здания,240,,,,,,,,,,Площадь здания,504,,,,,,,,,,Площадь здания,450,,,,,,,,,,Площадь здания,"979,2",,,,,,,,,,Площадь здания,"979,2",,,,,,,,,,Площадь здания,"514,5",,,,,,,,,,Площадь здания,"661,5",,,,,,,,,,Площадь здания,672,,,,,,,,,,Площадь здания,1800,,,,,,,,,,Площадь здания,800,,,,,,,,,,Площадь здания,1200,,,,,,,,,,Площадь здания,1200,,,,,,,,,,Площадь здания,1134,,,,,,,,,,Площадь здания,"2973,12",,,,,,,,,,Площадь здания,"2973,12",,,,,,,,,,Площадь здания,"2918,4",,,,,,,,,,Площадь здания,2660,,,,,,,,,,Площадь здания,2660,,,,,,,,,,Площадь здания,"2553,6",,,,,,,,,,Шаг балок,"4,5",,,,,,,,,,Площадь здания,4104,,,,,,,,,,Площадь здания,270,,,,,,,,,,,Площадь здания,270,,,,,,,,,,,Площадь здания,105,,,,,,,,,,,,Площадь здания,810,,,,,,,,,,,Площадь здания,105,,,,,,,,,,,,Площадь здания,140,,,,,,,,,,,,Площадь здания,140,,,,,,,,,,,,,Площадь здания,140,,,,,,,,,,,,Площадь здания,140,,,,,,,,,,,,Площадь здания,120,,,,,,,,,,,,Площадь здания,140,,,,,,
,,,,,,,,,,,,,,,,,,,,,,,,,,,,,,,,,,,,,,,,,,,,,,,,,,,,,,,,,,,,,,,,,,,,,,,,,,,,,,,,,,,,,,,,,,,,,,,,,,,,,,,,,,,,,,,,,,,,,,,,,,,,,,,,,,,,,,,,,,,,,,,,,,,,,,,,,,,,,,,,,,,,,,,,,,,,,,,,,,,,,,,,,,,,,,,,,,,,,,,,,,,,,,,,,,,,,,,,,,,,,,,,,,,,,,,,,,,,,,,,,,,,,,,,,,,,,,,,,,,,,,,,,,,,,,,,,,,,,,,,,,,,,,,,,,,,,,,,,,,,,,,,,,,,,,Длина здания,216,,,,,,,,,,,,,,,,,,,,,,,,,,,,,,,,,,,,,,,,,,,,,,,,,,,,,,,,,,,,,,,,,,,,,,,,,,,,,,,,,,,,,,,,,,,,,,,,,,,,,,,,,,,,,,,,,,,,,,,,,,,,,,,,,,,,,,,,,,,,,,,,,,,,,,,,,,,,
,,,,,,,,,,,,,,,,,,,,,,,,,,,,,,,,,,,,,,,,,,,,,,,,,,,,,,,,,,,,,,,,,,,,,,,,,,,,,,,,,,,,,,,,,,,,,,,,,,,,,,,,,,,,,,,,,,,,,,,,,,,,,,,,,,,,,,,,,,,,,,,,,,,,,,,,,,,,,,,,,,,,,,,,,,,,,,,,,,,,,,,,,,,,,,,,,,,,,,,,,,,,,,,,,,,,,,,,,,,,,,,,,,,,,,,,,,,,,,,,,,,,,,,,,,,,,,,,,,,,,,,,,,,,,,,,,,,,,,,,,,,,,,,,,,,,,,,,,,,,,,,,,,,,,,Площадь здания,9720,,,,,,,,,,,,,,,,,,,,,,,,,,,,,,,,,,,,,,,,,,,,№,Наименование,Маркировка,Профиль,Длина,К-во,Длина общ.,кг/м,Вес,,,,,№,Наименование,Маркировка,Профиль,Длина,К-во,Длина общ.,кг/м,Вес,,,,№,Наименование,Маркировка,Профиль,Длина,К-во,Длина общ.,кг/м,Вес,,,,,№,Наименование,Маркировка,Профиль,Длина,К-во,Длина общ.,кг/м,Вес,,,,,№,Наименование,Маркировка,Профиль,Длина,К-во,Длина общ.,кг/м,Вес,,,,,,№,Наименование,Маркировка,Профиль,Длина,К-во,Длина общ.,кг/м,Вес,,,,,№,Наименование,Маркировка,Профиль,Длина,К-во,Длина общ.,кг/м,Вес,,,,,№,Наименование,Маркировка,Профиль,Длина,К-во,Длина общ.,кг/м,Вес,,,,,№,Наименование,Маркировка,Профиль,Длина,К-во,Длина общ.,кг/м,Вес
,,,,,,,,,,,,,,,,,,,,,,,,,,,,,,,,,,,,,,,,,,,,,,,,,,,,,,,,,,,,,,,,,,,,,,,,,,,,,,,,,,,,,,,,,,,,,,,,,,,,,,,,,,,,,,,,,,,,,,,,,,,,,,,,,,,,,,,,,,,,,,,,,,,,,,,,,,,,,,,,,,,,,,,,,,,,,,,,,,,,,,,,,,,,,,,,,,,,,,,,,,,,,,,,,,,,,,,,,,,,,,,,,,,,,,,,,,,,,,,,,,,,,,,,,,,,,,,,,,,,,,,,,,,,,,,,,,,,,,,,,,,,,,,,,,,,,,,,,,,,,,,,,,,,,,,,,,,,,,,,,,,,,,,,,,,,,,,,,,,,,,,,,,,,,,,,,,,1,Балка,Б,"ЛСЖ 250х100-2,5",7280,8,"58,24","10,1","588,22",,,,,1,Балка верх,Бв,"ЛСЖ 250х100-2,5",18360,22,"403,92","10,2","4 119,98",,,,1,Балка,Б,"ЛСЖ 250х100-2,0",3654,16,"58,464","8,3","485,25",,,,,1,Балка,Б,"ЛСЖ 250х100-2,0",3654,20,"73,08","8,3","606,56",,,,,1,Балка,Б,"ЛСЖ 250х100-2,0",3654,20,"73,08","8,3","606,56",,,,,,1,Балка,Б,"ЛСЖ 250х100-2,0",3654,20,"73,08","8,3","606,56",,,,,1,Балка,Б,"ЛСЖ 250х100-2,0",3654,20,"73,08","8,3","606,56",,,,,1,Балка,Б,"ЛСЖ 250х80-2,0",5220,12,"62,64","7,1","444,74",,,,,1,Балка,Б,"ЛСЖ 250х100-2,0",3654,20,"73,08","8,3","606,56"
,№,Наименование,Маркировка,Профиль,Длина,К-во,Длина общ.,кг/м,Вес,,,№,Наименование,Маркировка,Профиль,Длина,К-во,Длина общ.,кг/м,Вес,,,№,Наименование,Маркировка,Профиль,Длина,К-во,Длина общ.,кг/м,Вес,,,№,Наименование,Маркировка,Профиль,Длина,К-во,Длина общ.,кг/м,Вес,,,№,Наименование,Маркировка,Профиль,Длина,К-во,Длина общ.,кг/м,Вес,,,№,Наименование,Маркировка,Профиль,Длина,К-во,Длина общ.,кг/м,Вес,,,№,Наименование,Маркировка,Профиль,Длина,К-во,Длина общ.,кг/м,Вес,,,№,Наименование,Маркировка,Профиль,Длина,К-во,Длина общ.,кг/м,Вес,,,№,Наименование,Маркировка,Профиль,Длина,К-во,Длина общ.,кг/м,Вес,,,№,Наименование,Маркировка,Профиль,Длина,К-во,Длина общ.,кг/м,Вес,,,№,Наименование,Маркировка,Профиль,Длина,К-во,Длина общ.,кг/м,Вес,,,№,Наименование,Маркировка,Профиль,Длина,К-во,Длина общ.,кг/м,Вес,,,№,Наименование,Маркировка,Профиль,Длина,К-во,Длина общ.,кг/м,Вес,,,№,Наименование,Маркировка,Профиль,Длина,К-во,Длина общ.,кг/м,Вес,,,№,Наименование,Маркировка,Профиль,Длина,К-во,Длина общ.,кг/м,Вес,,,№,Наименование,Маркировка,Профиль,Длина,К-во,Длина общ.,кг/м,Вес,,,№,Наименование,Маркировка,Профиль,Длина,К-во,Длина общ.,кг/м,Вес,,,№,Наименование,Маркировка,Профиль,Длина,К-во,Длина общ.,кг/м,Вес,,,№,Наименование,Маркировка,Профиль,Длина,К-во,Длина общ.,кг/м,Вес,,,№,Наименование,Маркировка,Профиль,Длина,К-во,Длина общ.,кг/м,Вес,,,№,Наименование,Маркировка,Профиль,Длина,К-во,Длина общ.,кг/м,Вес,,,№,Наименование,Маркировка,Профиль,Длина,К-во,Длина общ.,кг/м,Вес,,,№,Наименование,Маркировка,Профиль,Длина,К-во,Длина общ.,кг/м,Вес,,,№,Наименование,Маркировка,Профиль,Длина,К-во,Длина общ.,кг/м,Вес,,,№,Наименование,Маркировка,Профиль,Длина,К-во,Длина общ.,кг/м,Вес,,,№,Наименование,Маркировка,Профиль,Длина,К-во,Длина общ.,кг/м,Вес,,,№,Наименование,Маркировка,Профиль,Длина,К-во,Длина общ.,кг/м,Вес,,,№,Наименование,Маркировка,Профиль,Длина,К-во,Длина общ.,кг/м,Вес,,,№,Наименование,Маркировка,Профиль,Длина,К-во,Длина общ.,кг/м,Вес,,,№,Наименование,Маркировка,Профиль,Длина,К-во,Длина общ.,кг/м,Вес,,,№,Наименование,Маркировка,Профиль,Длина,К-во,Длина общ.,кг/м,Вес,,,,№,Наименование,Маркировка,Профиль,Длина,К-во,Длина общ.,кг/м,Вес,,,,2,Прогоны,Пр,"Z 250х65-2,0",5000,18,90,"6,6","594,00",,,,,2,Балка низ,Бн,"ЛСЖ 200х75-2,0",9000,18,162,"6,9","1 117,80",,,,2,Прогоны,Пр,"ЛСЖ 250х100-2,0",5000,24,120,"8,3","996,00",,,,,2,Прогоны,Пр,"ЛСЖ 250х100-2,0",5000,32,160,"8,3","1 328,00",,,,,2,Прогоны,Пр,"ЛСЖ 250х100-2,0",5000,32,160,"8,3","1 328,00",,,,,,2,Прогоны,Пр,"ЛСЖ 250х100-2,0",5000,32,160,"8,3","1 328,00",,,,,2,Прогоны,Пр,"ЛСЖ 250х100-2,0",5000,32,160,"8,3","1 328,00",,,,,2,Прогоны,Пр,"Z 250х65/60-2,0",6000,16,96,"6,4","614,40",,,,,2,Прогоны,Пр,"ЛСЖ 250х100-2,0",5000,32,160,"8,3","1 328,00"
,1,Балка,Б,"ЛСЖ 200х75-2,0",3150,4,"12,6","6,6","83,16",,,1,Балка,Б,"ЛСЖ 200х75-2,0",5775,4,"23,1","6,6","152,46",,,1,Балка,Б,"ЛСЖ 200х75-2,0",3240,28,"90,72","6,6","598,75",,,1,Балка,Б,"ЛСЖ 200х75-2,0",4698,32,"150,336","6,6","992,22",,,1,Балка,Б,"ЛСЖ 200х75-2,0",6264,32,"200,448","6,6","1 322,96",,,1,Балка,Б,"ЛСЖ 200х75-2,0","6472,8",36,"233,0208","6,6","1 537,94",,,1,Балка,Б,"ЛСЖ 250х100-2,0",6264,24,"150,336","8,3","1 247,79",,,1,Балка,Б,"ЛСЖ 250х100-2,5",7830,32,"250,56","10,1","2 530,66",,,1,Балка верхн,Б.в,"ЛСЖ 250х100-2,5",8060,24,"193,44","10,1","1 953,74",,,1,Балка,Б,"ЛСЖ 250х100-2,0",4100,26,"106,6","8,3","884,78",,,1,Балка верх,Бв,"ЛСЖ 250х100-2,5",9270,32,"296,64","10,1","2 996,06",,,1,Балка верх,Бв,"ЛСЖ 250х100-2,0",10300,22,"226,6","8,3","1 880,78",,,1,Балка верх,Бв,"ЛСЖ 250х100-2,5",10620,44,"467,28","10,1","4 719,53",,,1,Балка верх,Бв,"ЛСЖ 250х100-2,5",10250,44,451,"10,1","4 555,10",,,1,Балка,Б,"ЛСЖ 300х75-4,0",10962,32,"350,784","16,1","5 647,62",,,1,Балка 1,Б1,"ЛСЖ 250х100-2,5",11340,40,"453,6","10,1","4 581,36",,,1,Балка верх,Бв,"ЛСЖ 250х100-2,5",12240,32,"391,68","10,1","3 955,97",,,1,Балка фермы верх,Бв,"ЛСЖ 250х100-2,0",12180,56,"682,08","8,3","5 661,26",,,1,Балка верх,Бв,"ЛСЖ 250х100-2,5",13000,36,468,"10,1","4 726,80",,,1,Балка верх,Бв,"ЛСЖ 250х100-2,0",13000,52,676,"8,3","5 610,80",,,1,Балка верх,Бв,"ЛСЖ 250х100-2,5",12750,28,357,"10,1","3 605,70",,,1,Балка верх,Бв,"ЛСЖ 250х100-2,5",9405,64,"601,92","10,1","6 079,39",,,1,Балки крайние,Б1,"ЛСЖ 250х100-2,5",8800,80,704,"10,1","7 110,40",,,1,Балки крайние,Б1,"ЛСЖ 250х100-2,5",8800,80,704,"10,1","7 110,40",,,1,Балки крайние,Б1,"ЛСЖ 250х100-2,5",6150,80,492,"10,1","4 969,20",,,1,Балки крайние,Б1,"ЛСЖ 250х100-2,0",9400,80,752,"8,3","6 241,60",,,1,Балки крайние,Б1,"ЛСЖ 250х100-2,0",9400,80,752,"8,3","6 241,60",,,1,Балки крайние,Б1,"ЛСЖ 250х100-2,5",7450,80,596,"10,1","6 019,60",,,1,Колонны крайние,Ккр,"ЛСЖ 250х100-2,5",8400,196,"1646,4","10,1","16 628,64",,,1,Колонны крайние,Ккр,40Б1,7700,40,308,"56,6","17 432,80",,,1,Балка верх,Бв,"ЛСЖ 250х100-2,0",10300,14,"144,2","8,3","1 196,86",,,,1,Балка верх,Бв,"ЛСЖ 250х100-2,0",12360,12,"148,32","8,3","1 231,06",,,,,,,,,,,,,,,,,,Раскос фермы1,Рф.1,"ЛСЖ 250х100-2,5",5300,18,"95,4","10,2","973,08",,,,3,Колонна,К,"ЛСЖ 250х100-2,0",5500,16,88,"8,3","730,40",,,,,3,Колонна,К,"ЛСЖ 250х100-2,0",5500,20,110,"8,3","913,00",,,,,3,Колонна,К,"ЛСЖ 250х100-2,0",5500,20,110,"8,3","913,00",,,,,,3,Колонна,К,"ЛСЖ 250х100-2,0",5500,20,110,"8,3","913,00",,,,,3,Колонна,К,"ЛСЖ 250х100-2,0",5500,20,110,"8,3","913,00",,,,,3,Колонна,К,"ЛСЖ 250х80-2,5",5000,12,60,"8,7","522,00",,,,,3,Колонна,К,"ЛСЖ 250х100-2,0",5500,20,110,"8,3","913,00"
,2,Прогоны,Пр,"ЛСЖ 200х75-2,0",3000,3,9,"6,6","59,40",,,2,Прогоны,Пр,"ЛСЖ 200х75-2,0",5000,5,25,"6,6","165,00",,,2,Прогоны,Пр,"ЛСЖ 200х75-2,0",4600,36,"165,6","6,6","1 092,96",,,2,Прогоны,Пр,"ЛСЖ 200х75-2,0",4000,56,224,"6,6","1 478,40",,,2,Прогоны,Пр,"ЛСЖ 200х75-2,0",4000,70,280,"6,6","1 848,00",,,2,Прогоны,Пр,"Z 200х75-2,0",4000,80,320,"5,7","1 824,00",,,2,Прогоны,Пр,"Z 250х65-2,0",5000,50,250,"6,6","1 650,00",,,2,Прогоны,Пр,"Z 250х65-2,0",4500,84,378,"6,6","2 494,80",,,2,Балка нижн,,"ЛСЖ 200х75-2,0",7750,16,124,"6,6","818,40",,,2,Прогоны,Пр,"Z 250х65-2,0",5000,48,240,"6,6","1 584,00",,,2,Балка низ,Бн,"ЛСЖ 200х75-2,0",9000,24,216,"6,6","1 425,60",,,2,Балка низ,Бн,"ЛСЖ 200х75-2,0",10450,18,"188,1","6,6","1 241,46",,,2,Балка низ,Бн,"ЛСЖ 250х100-2,0",10200,36,"367,2","8,3","3 047,76",,,2,Балка низ,Бн,"ЛСЖ 250х100-2,0",10200,36,"367,2","8,3","3 047,76",,,2,Прогоны,Пр,"Z 250х65-2,0",3500,98,343,"6,6","2 263,80",,,2,Прогоны,Пр,"Z 250х65-2,0",3500,162,567,"6,6","3 742,20",,,2,Балка низ,Бн,"ЛСЖ 200х75-2,0",12000,24,288,"6,6","1 900,80",,,2,Балка низ 1,Бн1,"ЛСЖ 200х75-2,0",16000,28,448,"6,6","2 956,80",,,2,Балка низ,Бн,"ЛСЖ 250х100-2,0",12500,28,350,"8,3","2 905,00",,,2,Балка низ подкос,Бн,"ЛСЖ 250х100-2,0",6500,44,286,"8,3","2 373,80",,,2,Балка фахверк,Б.ф,"ЛСЖ 250х100-2,5",12750,8,102,"10,1","1 030,20",,,2,Балка низ,Бн,"ЛСЖ 250х100-2,5",9405,24,"225,72","10,1","2 279,77",,,2,Балки средние,Б2,"ЛСЖ 250х100-2,5",9170,80,"733,6","10,1","7 409,36",,,2,Балки средние,Б2,"ЛСЖ 250х100-2,5",9170,80,"733,6","10,1","7 409,36",,,2,Балки средние,Б2,"ЛСЖ 250х100-2,5",11150,80,892,"10,1","9 009,20",,,2,Балки средние,Б2,"ЛСЖ 250х100-2,0",5600,80,448,"8,3","3 718,40",,,2,Балки средние,Б2,"ЛСЖ 250х100-2,0",5600,80,448,"8,3","3 718,40",,,2,Балки средние,Б2,"ЛСЖ 250х100-2,5",7450,80,596,"10,1","6 019,60",,,2,Колонны средние,Кср1,35К1,12400,25,310,109,"33 790,00",,,2,Колонны средние1,Кср1,40Б1,11000,12,132,"56,6","7 471,20",,,2,Балка низ,Бн,"ЛСЖ 200х75-2,0",10450,10,"104,5","6,6","689,70",,,,2,Балка низ,Бн,"ЛСЖ 200х75-2,0",10450,8,"83,6","6,6","551,76",,,,3,Колонна,К,"ЛСЖ 250х100-2,5",5500,8,44,"10,1","444,40",,,,,3,Раскос фермы1,Рф.1,"ЛСЖ 200х75-2,0",5300,18,"95,4","6,9","658,26",,,,4,Ригель,Р,"ЛСЖ 250х100-2,0",5000,12,60,"8,3","498,00",,,,,4,Ригель,Р,"ЛСЖ 250х100-2,0",5000,16,80,"8,3","664,00",,,,,4,Ригель,Р,"ЛСЖ 250х100-2,0",5000,16,80,"8,3","664,00",,,,,,4,Ригель,Р,"ЛСЖ 250х100-2,0",5000,16,80,"8,3","664,00",,,,,4,Ригель,Р,"ЛСЖ 250х100-2,0",5000,16,80,"8,3","664,00",,,,,4,Ригель,Р,"ЛСЖ 250х80-2,0",6000,12,72,"7,1","511,20",,,,,4,Ригель,Р,"ЛСЖ 250х100-2,0",5000,16,80,"8,3","664,00"
,3,Колонна мал,К1,"ЛСЖ 200х75-2,0",2500,4,10,"6,6","66,00",,,3,Колонна мал,К1,"ЛСЖ 200х75-2,0",3200,4,"12,8","6,6","84,48",,,3,Колонна,К,ЛСЖ 250х100х2,5300,28,"148,4","8,3","1 231,72",,,3,Колонна,К,"ЛСЖ 200х75-2,0",3600,32,"115,2","6,6","760,32",,,3,Колонна,К,"ЛСЖ 200х75-2,0",3600,32,"115,2","6,6","760,32",,,3,Колонна,К,"ЛСЖ 200х75-2,0",4500,36,162,"6,6","1 069,20",,,3,Колонна,К,"ЛСЖ 250х100-2,5",4700,24,"112,8","10,1","1 139,28",,,3,Колонна,К,"ЛСЖ 250х100-2,5",3600,32,"115,2","10,1","1 163,52",,,3,Стойка фермы,,"ЛСЖ 150х55-1,5",17500,16,280,"3,3","924,00",,,3,Колонна,К,"ЛСЖ 250х100-2,0",4700,26,"122,2","8,3","1 014,26",,,3,Раскос фермы средн,Рф.ср,"ЛСЖ 200х75-2,0",1800,12,"21,6","6,6","142,56",,,,,,,,,,,,,,3,Раскос фермы 1,Рф.1,"ЛСЖ 200х75-2,0",3300,18,"59,4","6,6","392,04",,,3,Раскос фермы 1,Рф.1,"ЛСЖ 200х75-2,0",1550,18,"27,9","6,6","184,14",,,3,Колонна,К,"ЛСЖ 300х75-3,5",3600,32,"115,2","14,2","1 635,84",,,3,Колонна 1,К1,"ЛСЖ 250х100-2,5",6300,40,252,"10,1","2 545,20",,,3,Раскос фермы 1,Р.ф.1,"ЛСЖ 200х75-2,0",2545,12,"30,54","6,6","201,56",,,3,Балка низ 2,Бн2,"ЛСЖ 200х75-2,0",3350,56,"187,6","6,6","1 238,16",,,3,Раскос фермы 1,Р.ф.1,"ЛСЖ 250х100-2,0",3600,14,"50,4","8,3","418,32",,,3,Колонна крайняя,Кк,"ЛСЖ 250х100-2,0",2500,52,130,"8,3","1 079,00",,,3,Нижн. пояс,,"Уг 100х100х2,5",9500,28,266,"4,2","1 117,20",,,3,Колонна крайняя,Кк,"ЛСЖ 250х100-2,5",3600,32,"115,2","10,1","1 163,52",,,3,Колонны средние,К2,"160X120X7,0",7000,40,280,28,"7 840,00",,,3,Стойки центр ворот,Ст.в,"ЛСЖ 250х100-2,5",4500,4,18,"10,1","181,80",,,3,Балка подкос,БП,"ЛСЖ 200х75-2,0",5500,72,396,"6,6","2 613,60",,,3,Балка подкос,БП,"ЛСЖ 200х75-2,0",3400,72,"244,8","6,4","1 566,72",,,3,Балка подкос,БП,"ЛСЖ 200х75-2,0",3400,72,"244,8","6,4","1 566,72",,,3,Балка подкос,БП,"ЛСЖ 200х75-2,0",3400,72,"244,8","6,6","1 615,68",,,3,Ферма перекрытия,,,,,,,,,,3,Колонны средние2,Кср2,40Б1,7700,28,"215,6","56,6","12 202,96",,,,,,,,,,,,,,,,,,,,,,,,,,,,Колонна,К,"ЛСЖ 250х100-2,5",6800,8,"54,4","10,1","549,44",,,,,4,Раскос фермы2,Рф.2,"ЛСЖ 200х75-2,0",1800,18,"32,4","6,9","223,56",,,,5,Стойка фахв.,Ст.ф,"ЛСЖ 250х100-2,0",6050,8,"48,4","8,3","401,72",,,,,5,Стойка фахв.,Ст.ф,"ЛСЖ 250х100-2,0",6050,8,"48,4","8,3","401,72",,,,,5,Стойка фахв.,Ст.ф,"ЛСЖ 250х100-2,0",6050,8,"48,4","8,3","401,72",,,,,,5,Стойка фахв.,Ст.ф,"ЛСЖ 250х100-2,0",6050,8,"48,4","8,3","401,72",,,,,5,Стойка фахв.,Ст.ф,"ЛСЖ 250х100-2,0",6050,8,"48,4","8,3","401,72",,,,,5,Стойка фахв.,Ст.ф,"ЛСЖ 250х80-2,0",5550,6,"33,3","7,1","236,43",,,,,5,Стойка фахв.,Ст.ф,"ЛСЖ 250х100-2,0",6050,8,"48,4","8,3","401,72"
,4,Колонна бол,К2,"ЛСЖ 200х75-2,0",2900,4,"11,6","6,6","76,56",,,4,Колонна бол,К2,"ЛСЖ 200х75-2,0",3700,4,"14,8","6,6","97,68",,,4,Ригель,Р,"ЛСЖ 200х75-2,0",4500,48,216,"6,6","1 425,60",,,4,Ригель,Р,"ЛСЖ 200х75-2,0",4000,14,56,"6,6","369,60",,,4,Ригель,Р,"ЛСЖ 200х75-2,0",4000,14,56,"6,6","369,60",,,4,Ригель,Р,"ЛСЖ 200х75-2,0",4000,16,64,"6,6","422,40",,,4,Ригель,Р,"ЛСЖ 250х100-2,0",5000,20,100,"8,3","830,00",,,4,Ригель,Р,"ЛСЖ 250х100-2,0",4500,14,63,"8,3","522,90",,,4,Распорка по ферме,,"ЛСЖ 200х75-2,0",4400,15,66,"6,6","435,60",,,4,Ригель,Р,"ЛСЖ 250х100-2,0",5000,12,60,"8,3","498,00",,,4,Раскос фермы бок,Рф.б,"ЛСЖ 200х75-2,0",4600,24,"110,4","6,6","728,64",,,1,Раскос фермы 2,Рф.2,"ЛСЖ 150х55-1,5",2000,18,36,"3,3","118,80",,,4,Раскос фермы 2,Рф.2,"ЛСЖ 200х75-2,0",4150,36,"149,4","6,6","986,04",,,4,Раскос фермы 2,Рф.2,"ЛСЖ 200х75-2,0",2700,36,"97,2","6,6","641,52",,,4,Ригель,Р,"ЛСЖ 250х100-2,0",3500,14,49,"8,3","406,70",,,4,Колонна 2,К2,"ЛСЖ 250х100-2,5",5000,20,100,"10,1","1 010,00",,,4,Раскос фермы 2,Р.ф.2,"ЛСЖ 200х75-2,0",5350,24,"128,4","6,6","847,44",,,4,Стойка фермы 1,Ст.ф.1,"ЛСЖ 150х55-1,5",2685,28,"75,18","3,4","255,61",,,4,Раскос фермы 2,Р.ф.2,"ЛСЖ 250х100-2,0",4825,28,"135,1","8,3","1 121,33",,,4,Колонна средняя,Кс,"ЛСЖ 250х100-2,0",5500,26,143,"8,3","1 186,90",,,4,Подкос фермы,,"Уг 100х100х2,5",4400,28,"123,2","4,2","517,44",,,4,Колонна средняя,Кс,"ЛСЖ 250х100-2,5",9000,16,144,"10,1","1 454,40",,,4,Колонны крайние,К1,"160X120X7,0",4000,40,160,28,"4 480,00",,,4,Стойка фахв.1,Ст.ф1,"ЛСЖ 250х100-2,5",9500,8,76,"10,1","767,60",,,4,Колонны крайние,К1,"ЛСЖ 250х100-2,5",4200,80,336,"10,1","3 393,60",,,4,Колонны крайние,К1,"180X100X8,0",4000,40,160,"33,2","5 312,00",,,4,Колонны крайние,К1,"180X100X6,0",4000,40,160,"24,52","3 923,20",,,4,Колонны крайние,К1,"ЛСЖ 250х100-2,5",4000,80,320,"10,1","3 232,00",,,4,Верхний пояс ,Бв,"ЛСЖ 250х100-2,5",22950,196,"4498,2","10,1","45 431,82",,,4,Ферма перекрытия,,,,,,,,,,1,Раскос фермы 2,Рф.2,"ЛСЖ 150х55-1,5",2000,10,20,"3,3","66,00",,,,1,Раскос фермы 2,Рф.2,"ЛСЖ 150х55-1,5",2100,8,"16,8","3,3","55,44",,,,4,Ригель,Р,"ЛСЖ 250х100-2,0",5000,12,60,"8,3","498,00",,,,,5,Подкос,Пс,"ЛСЖ 200х75-2,0",4600,18,"82,8","6,9","571,32",,,,6,Ригель фахв.,Р.ф,"ЛСЖ 250х100-2,0",4000,4,16,"8,3","132,80",,,,,6,Ригель фахв.,Р.ф,"ЛСЖ 250х100-2,0",4000,4,16,"8,3","132,80",,,,,6,Ригель фахв.,Р.ф,"ЛСЖ 250х100-2,0",4000,4,16,"8,3","132,80",,,,,,6,Ригель фахв.,Р.ф,"ЛСЖ 250х100-2,0",4000,4,16,"8,3","132,80",,,,,6,Ригель фахв.,Р.ф,"ЛСЖ 250х100-2,0",4000,4,16,"8,3","132,80",,,,,6,Ригель фахв.,Р.ф,"ЛСЖ 250х80-2,0",3500,4,14,"7,1","99,40",,,,,6,Ригель фахв.,Р.ф,"ЛСЖ 250х100-2,0",4000,4,16,"8,3","132,80"
,5,Ригель,Р,"ЛСЖ 200х75-2,0",3000,2,6,"6,6","39,60",,,5,Ригель,Р,"ЛСЖ 200х75-2,0",5000,5,25,"6,6","165,00",,,5,Стойка фахв.,,"100х100-6,0",4500,4,18,"17,5","315,00",,,5,Стойка фахв.,Ст.ф,"ЛСЖ 200х75-2,0",4500,4,18,"6,6","118,80",,,5,Стойка фахв.,Ст.ф,"ЛСЖ 200х75-2,0",4950,4,"19,8","6,6","130,68",,,5,Стойка фахв.,Ст.ф,"ЛСЖ 200х75-2,0",5850,4,"23,4","6,6","154,44",,,5,Стойка фахв.,Ст.ф,"ЛСЖ 250х100-2,5",6050,4,"24,2","10,1","244,42",,,5,Стойка фахв.1,Ст.ф1,"ЛСЖ 250х100-2,5",4500,4,18,"10,1","181,80",,,5,Прогоны,Пр,"Z 250х65-2,5",4400,50,220,"6,6","1 452,00",,,,,,,,,,,,,,5,Распорка фермы,Рс.ф,"ЛСЖ 200х75-2,0",4000,6,24,"6,6","158,40",,,2,Раскос фермы 3,Рф.3,"ЛСЖ 150х55-1,5",1900,36,"68,4","3,3","225,72",,,5,Раскос фермы 3,Рф.3,"ЛСЖ 200х75-2,0",2800,36,"100,8","6,6","665,28",,,5,Раскос фермы 3,Рф.3,"ЛСЖ 200х75-2,0",1500,36,54,"6,6","356,40",,,5,Стойка фахв.1,Ст.ф1,"ЛСЖ 250х100-2,5",4950,4,"19,8","10,1","199,98",,,5,Ригель,Р,"ЛСЖ 200х75-2,0",3500,72,252,"6,6","1 663,20",,,5,Раскос фермы 3,Р.ф.3,"ЛСЖ 200х75-2,0",1870,24,"44,88","6,6","296,21",,,5,Стойка фермы 2,Ст.ф.2,"ЛСЖ 150х55-1,5",2000,56,112,"3,4","380,80",,,5,Раскос фермы 3,Р.ф.3,"ЛСЖ 250х100-2,0",2050,28,"57,4","8,3","476,42",,,5,Прогоны,Пр,"Z 250х65-2,0",4000,216,864,"6,6","5 702,40",,,5,Стойка фермы,,"Уг 100х100х2,5",650,28,"18,2","4,2","76,44",,,5,Прогон сдвоенный,Пр2,"ЛСЖ 250х100-2,0",4500,28,126,"8,3","1 045,80",,,5,Стойка фахв.4,Ст.ф4,"160X120X7,0",5200,4,"20,8",28,"582,40",,,5,Стойка фахв.2,Ст.ф2,"ЛСЖ 250х100-2,5",8220,4,"32,88","10,1","332,09",,,5,Колонны средние,К2,"ЛСЖ 250х100-2,5",8200,80,656,"10,1","6 625,60",,,5,Колонны средние,К2,"160X120X6,0",7000,40,280,"25,2","7 056,00",,,5,Колонны средние,К2,"160X120X5,0",7000,40,280,"20,7","5 796,00",,,5,Колонны средние,К2,"ЛСЖ 250х100-2,5",7000,80,560,"10,1","5 656,00",,,5,Нижний пояс,Бн,"ЛСЖ 250х100-2,5",22500,188,4230,"10,1","42 723,00",,,5,Верхний пояс ,Бв,"ЛСЖ 200х55-2,0",18360,80,"1468,8","6,6","9 694,08",,,2,Раскос фермы 3,Рф.3,"ЛСЖ 150х55-1,5",1900,20,38,"3,3","125,40",,,,2,Раскос фермы 3,Рф.3,"ЛСЖ 150х55-1,5",1900,24,"45,6","3,3","150,48",,,,,,,,,,,,,,,,,6,Колонна крайняя,Кк,"ЛСЖ 250х100-2,5",7500,22,165,"10,2","1 683,00",,,,,Ригель фахв.,Р.ф,"ЛСЖ 250х100-2,0",1500,8,12,"8,3","99,60",,,,,,Ригель фахв.,Р.ф,"ЛСЖ 250х100-2,0",1500,8,12,"8,3","99,60",,,,,,Ригель фахв.,Р.ф,"ЛСЖ 250х100-2,0",1500,8,12,"8,3","99,60",,,,,,,Ригель фахв.,Р.ф,"ЛСЖ 250х100-2,0",1500,8,12,"8,3","99,60",,,,,,Ригель фахв.,Р.ф,"ЛСЖ 250х100-2,0",1500,8,12,"8,3","99,60",,,,,,Ригель фахв.,Р.ф,"ЛСЖ 250х80-2,0",1500,8,12,"7,1","85,20",,,,,,Ригель фахв.,Р.ф,"ЛСЖ 250х100-2,0",1500,8,12,"8,3","99,60"
,6,Ригель под окно (вход),Р3,"ЛСЖ 200х75-2,0",3000,3,9,"6,6","59,40",,,6,Ригель под окно (вход),Р3,"ЛСЖ 200х75-2,0",5775,2,"11,55","6,6","76,23",,,6,Ригель фахв.,,"100х100-6,0",6000,2,12,"17,5","210,00",,,6,Ригель фахв.,Р.ф,"ЛСЖ 200х75-2,0",3000,6,18,"6,6","118,80",,,6,Ригель фахв.1,Р.ф1,"ЛСЖ 200х75-2,0",3000,4,12,"6,6","79,20",,,6,Ригель фахв.1,Р.ф1,"ЛСЖ 200х75-2,0",3000,4,12,"6,6","79,20",,,6,Ригель фахв.1,Р.ф1,"ЛСЖ 250х100-2,0",3000,6,18,"8,3","149,40",,,6,Стойка фахв.2,Ст.ф2,"ЛСЖ 250х100-2,5",5400,4,"21,6","10,1","218,16",,,6,Колонна,К кр,"ЛСЖ 250х100-2,5",9000,24,216,"10,1","2 181,60",,,,,,,,,,,,,,6,Прогоны,Пр,"Z 250х65-2,0",4000,112,448,"6,6","2 956,80",,,3,Раскос фермы 4,Рф.4,"ЛСЖ 150х55-1,5",1700,54,"91,8","3,3","302,94",,,6,Раскос фермы 4,Рф.4,"ЛСЖ 200х75-2,0",2750,36,99,"6,6","653,40",,,6,Раскос фермы 4,Рф.4,"ЛСЖ 200х75-2,0",1300,36,"46,8","6,6","308,88",,,6,Стойка фахв.2,Ст.ф2,"ЛСЖ 250х100-2,5",6300,4,"25,2","10,1","254,52",,,6,Стойка фахв.1,Ст.ф1,"ЛСЖ 250х100-2,5",8400,12,"100,8","10,1","1 018,08",,,6,Раскос фермы 4,Р.ф.4,"ЛСЖ 200х75-2,0",4350,24,"104,4","6,6","689,04",,,6,Стойка фермы 3,Ст.ф.3,"ЛСЖ 150х55-1,5",1180,56,"66,08","3,4","224,67",,,6,Ригель на фермы,Р.ф,"ЛСЖ 250х100-2,0",4000,8,32,"8,3","265,60",,,6,Ригель,Р,"ЛСЖ 250х100-2,0",4000,36,144,"8,3","1 195,20",,,6,Распорка по ферме,,"Уг 100х100х2,5",6000,48,288,"4,2","1 209,60",,,6,Прогон одинарный,Пр1,"Z 250х65-2,0",4500,140,630,"6,6","4 158,00",,,6,Стойка фахв.3,Ст.ф3,"160X120X7,0",6500,4,26,28,"728,00",,,6,Стойка фахв.3,Ст.ф3,"ЛСЖ 250х100-2,5",6240,4,"24,96","10,1","252,10",,,6,Ригель,Р,"ЛСЖ 250х100-2,0",4800,114,"547,2","8,3","4 541,76",,,6,Ригель,Р,"ЛСЖ 250х100-2,0",5000,114,570,"8,3","4 731,00",,,6,Ригель,Р,"ЛСЖ 250х100-2,0",5000,114,570,"8,3","4 731,00",,,6,Ригель,Р,"ЛСЖ 250х100-2,0",4800,82,"393,6","8,3","3 266,88",,,6,Раскос фермы 1,Рф.1,"ЛСЖ 250х100-2,5",2315,188,"435,22","10,1","4 395,72",,,6,Нижний пояс,Бн,"ЛСЖ 200х55-2,0",15000,80,1200,"6,6","7 920,00",,,3,Раскос фермы 4,Рф.4,"ЛСЖ 150х55-1,5",1700,30,51,"3,3","168,30",,,,3,Раскос фермы 4,Рф.4,"ЛСЖ 150х55-1,5",1600,32,"51,2","3,3","168,96",,,,5,Стойка фахв.1,Ст.ф1,"ЛСЖ 250х100-2,5",6050,4,"24,2","10,1","244,42",,,,,7,Колонна средняя,Кс,"ЛСЖ 250х100-2,5",11100,22,"244,2","10,2","2 490,84",,,,6,Стойка окна,,"ЛСЖ 250х100-2,0",1200,8,"9,6","8,3","79,68",,,,,6,Стойка окна,,"ЛСЖ 250х100-2,0",1200,8,"9,6","8,3","79,68",,,,,6,Стойка окна,,"ЛСЖ 250х100-2,0",1200,8,"9,6","8,3","79,68",,,,,,6,Стойка окна,,"ЛСЖ 250х100-2,0",1200,8,"9,6","8,3","79,68",,,,,6,Стойка окна,,"ЛСЖ 250х100-2,0",1200,8,"9,6","8,3","79,68",,,,,6,Стойка окна,,"ЛСЖ 250х80-2,0",1200,2,"2,4","7,1","17,04",,,,,6,Стойка окна,,"ЛСЖ 250х100-2,0",1200,8,"9,6","8,3","79,68"
,7,,,,,,,,,,,7,Ригель под окно (вход),Р4,"ЛСЖ 200х75-2,0",4000,2,8,"6,6","52,80",,,7,Уголок,СД-200,"2,5",,72,,"1,2","86,40",,,7,Уголок,СД-200,"2,5",,152,,"1,2","182,40",,,7,Ригель фахв.2,Р.ф2,"ЛСЖ 200х75-2,0",4500,4,18,"6,6","118,80",,,7,Ригель фахв.2,Р.ф2,"ЛСЖ 200х75-2,0",4500,4,18,"6,6","118,80",,,7,Ригель фахв.2,Р.ф2,"ЛСЖ 250х100-2,0",4500,6,27,"8,3","224,10",,,7,Ригель фахв.,Р.ф,"ЛСЖ 250х100-2,0",3000,12,36,"8,3","298,80",,,7,Ригель,Р,"ЛСЖ 250х100-2,0",4400,40,176,"8,3","1 460,80",,,1,Ригель фахв.1,Р.ф1,"ЛСЖ 250х100-2,0",4000,2,8,"8,3","66,40",,,7,Колонна,К,"ЛСЖ 250х100-2,5",3600,32,"115,2","10,1","1 163,52",,,4,Раскос фермы 5,Рф.5,"ЛСЖ 150х55-1,5",600,18,"10,8","3,3","35,64",,,7,Раскос фермы 5,Рф.5,"ЛСЖ 200х75-2,00",1200,36,"43,2","6,6","285,12",,,7,Раскос фермы 5,Рф.5,"ЛСЖ 200х75-2,00",800,36,"28,8","6,6","190,08",,,7,Ригель фахв.1,Р.ф1,"ЛСЖ 250х100-2,0",3000,4,12,"8,3","99,60",,,7,Стойка фахв.3,Ст.ф3,"ЛСЖ 250х100-2,5",10600,8,"84,8","10,1","856,48",,,7,Раскос фермы 5,Р.ф.5,"ЛСЖ 200х75-2,0",1270,24,"30,48","6,6","201,17",,,7,Раскос фермы 1,Р.ф.1,"ЛСЖ 200х75-2,0",4190,56,"234,64","6,6","1 548,62",,,7,Прогоны,Пр,"Z 250х2,0",4000,128,512,"6,6","3 379,20",,,7,Стойка фахв.1,Ст.ф1,"ЛСЖ 250х100-2,0",5000,4,20,"8,3","166,00",,,7,Колонна крайняя,Кк,"ЛСЖ 200х75-2,0",2500,36,90,"6,6","594,00",,,7,Ригель,Р,"ЛСЖ 250х100-2,0",4500,21,"94,5","8,3","784,35",,,7,Стойка фахв.2,Ст.ф2,"160X120X7,0",8400,4,"33,6",28,"940,80",,,7,Стойка фахв.4,Ст.ф4,"ЛСЖ 250х100-2,5",4990,4,"19,96","10,1","201,60",,,7,Прогон сдвоенный,Пр2,"ЛСЖ 250х100-2,0",4800,76,"364,8","8,3","3 027,84",,,7,Прогон верхний,Пр2,"ЛСЖ 250х100-2,0",5000,76,380,"8,3","3 154,00",,,7,Прогон верхний,Пр2,"ЛСЖ 250х100-2,0",5000,76,380,"8,3","3 154,00",,,7,Прогон,Пр2,"ЛСЖ 250х100-2,0",4800,38,"182,4","8,3","1 513,92",,,7,Раскос фермы 2,Рф.2,"ЛСЖ 250х100-2,5",3550,188,"667,4","10,1","6 740,74",,,7,Раскос фермы,Рф,"ЛСЖ 150х55-1,5",23400,80,1872,"3,4","6 364,80",,,4,Раскос фермы 5,Рф.5,"ЛСЖ 150х55-1,5",600,10,6,"3,3","19,80",,,,4,Раскос фермы 5,Рф.5,"ЛСЖ 150х55-1,5",600,8,"4,8","3,3","15,84",,,,6,Стойка фахв.1,Ст.ф1,"ЛСЖ 250х100-2,5",5600,4,"22,4","10,1","226,24",,,,,,,,,,,,,,,,,7,Стойка дверь,,"ЛСЖ 250х100-2,0",2100,2,"4,2","8,3","34,86",,,,,7,Стойка дверь,,"ЛСЖ 250х100-2,0",2100,2,"4,2","8,3","34,86",,,,,7,Стойка дверь,,"ЛСЖ 250х100-2,0",2100,2,"4,2","8,3","34,86",,,,,,7,Стойка дверь,,"ЛСЖ 250х100-2,0",2100,2,"4,2","8,3","34,86",,,,,7,Стойка дверь,,"ЛСЖ 250х100-2,0",2100,2,"4,2","8,3","34,86",,,,,7,Стойка дверь,,"ЛСЖ 250х80-2,0",2100,2,"4,2","7,1","29,82",,,,,7,Стойка дверь,,"ЛСЖ 250х100-2,0",2100,2,"4,2","8,3","34,86"
,8,Стойка дверей,СтД,"ЛСЖ 200х75-2,0",2100,2,"4,2","6,6","27,72",,,8,Стойка дверей,СтД,"ЛСЖ 200х75-2,0",2200,4,"8,8","6,6","58,08",,,8,Уголок,СД-250,"2,5",,100,,"1,5","150,00",,,,,,,,,"200-2,0",,"3 838,14",,,7,Уголок,СД-200,"2,5",,184,,"1,2","220,80",,,7,Уголок,СД-200,"2,5",,208,,"1,2","249,60",,,8,Ригель фахв 3,Рф3,"50х50-5,0",5000,10,50,4,"200,00",,,8,Уголок,СД-250,"2,5",,220,,"1,5","330,00",,,8,Стойка фахв.1,Ст.ф1,"ЛСЖ 250х100-2,0",6200,8,"49,6","8,3","411,68",,,,,,,,,,,,,,8,Ригель,Р,"ЛСЖ 250х100-2,0",4000,14,56,"8,3","464,80",,,5,,,,,,,,,,,8,Распорка фермы,Рс.ф,"ЛСЖ 250х100-2,0",4800,30,144,"8,3","1 195,20",,,8,Распорка фермы,Рс.ф,"ЛСЖ 250х100-2,0",4800,24,"115,2","8,3","956,16",,,8,Ригель фахв.2,Р.ф2,"ЛСЖ 250х100-2,0",4500,8,36,"8,3","298,80",,,8,Ригель фахв.1,Р.ф1,"ЛСЖ 200х75-2,0",4500,16,72,"6,6","475,20",,,8,Раскос фермы 6,Р.ф.6,"ЛСЖ 200х75-2,0",3250,24,78,"6,6","514,80",,,8,Раскос фермы 2,Р.ф.2,"ЛСЖ 200х75-2,0",3440,56,"192,64","6,6","1 271,42",,,8,Колонна,К,"ЛСЖ 250х100-2,5",7800,36,"280,8","10,1","2 836,08",,,8,Стойка фахв.2,Ст.ф2,"ЛСЖ 250х100-2,0",6000,4,24,"8,3","199,20",,,8,Колонна средняя,Кс,"ЛСЖ 200х75-2,0",4300,18,"77,4","6,6","510,84",,,8,Стойка фахв.1,Ст.ф1,"ЛСЖ 250х100-2,5",7650,4,"30,6","10,1","309,06",,,8,Стойка фахв.1,Ст.ф1,"160X120X7,0",9100,4,"36,4",28,"1 019,20",,,8,Колонны средние,К2,"ЛСЖ 250х100-2,5",7000,80,560,"10,1","5 656,00",,,8,Прогон одинарный,Пр1,"Z 250х65-2,0",4800,380,1824,"6,6","12 038,40",,,8,Прогон одинарный,Пр1,"Z 250х65-2,0",5000,304,1520,"6,6","10 032,00",,,8,Прогон одинарный,Пр1,"Z 250х65-2,0",5000,266,1330,"6,6","8 778,00",,,8,Прогон одинарный,Пр1,"Z 250х65-2,0",4800,304,"1459,2","6,6","9 630,72",,,8,Раскос фермы 3,Рф.3,"ЛСЖ 250х100-2,5",3815,188,"717,22","10,1","7 243,92",,,8,Стойка фермы 1,Ст.ф1,"ЛСЖ 150х55-1,5",3000,80,240,"3,4","816,00",,,5,,,,,,,,,,,,5,,,,,,,,,,,,7,Ригель фахв.1,Р.ф1,"ЛСЖ 250х100-2,0",5000,4,20,"8,3","166,00",,,,,1,Прогоны,Пр1,"Z 250-2,0",4500,140,630,"6,5","4 095,00",,,,,,,,,,,,,,,,,,,,,,,,,,,,,,,,,,,,,,,,,,,,,,,,,,,,,,,,,,,,,,,,,,,,,,,,,,,,,,,,,,,,,,,,,,,
,9,Стойка окна,СтО,"ЛСЖ 200х75-2,0",1200,2,"2,4","6,6","15,84",,,9,Стойка окна,СтО,"ЛСЖ 200х75-2,0",1300,8,"10,4","6,6","68,64",,,,,,,"200-2,0",,"472,32",,"3 117,31",,,,,,,,,,,,,,,,,,,,"200-2,0",,"4 629,56",,,,,,,,,"200-2,0",,"5 205,98",,,9,Уголок,СД-250,"2,5",,164,,"1,5","246,00",,,,,,,,,"250-2,0",,"3 316,50",,,9,Стойка фахв.2,Ст.ф2,"ЛСЖ 250х100-2,0",7250,8,58,"8,3","481,40",,,1,Уголок,СД-250,"2,5",,124,,"1,5","186,00",,,9,Стойка фахв.1,Ст.ф1,"ЛСЖ 250х100-2,5",5150,4,"20,6","10,1","208,06",,,6,Прогоны,Пр,"Z 2502,0",4500,80,360,"6,6","2 376,00",,,9,Прогоны,Пр,"Z 2502,0",4800,160,768,"6,6","5 068,80",,,9,Прогоны,Пр,"Z 2502,0",4800,140,672,"6,6","4 435,20",,,9,Уголок,СД-250,"2,5",,24,,"1,5","36,00",,,9,Ригель фахв.2,Р.ф2,"ЛСЖ 250х100-2,0",5200,30,156,"8,3","1 294,80",,,9,Ригель на фермы,Р.ф,"ЛСЖ 200х75-2,0",4000,7,28,"6,6","184,80",,,9,Распорка на фермы,Р.ф,"ЛСЖ 200х75-2,0",4800,56,"268,8","6,6","1 774,08",,,9,Ригель,Р,"ЛСЖ 250х100-2,0",4000,48,192,"8,3","1 593,60",,,9,Ригель фахв.,Р.ф,"ЛСЖ 250х100-2,0",4000,24,96,"8,3","796,80",,,9,Прогоны,Пр,"Z 250х65-2,5",6000,128,768,"8,1","6 220,80",,,9,Стойка фахв.2,Ст.ф2,"ЛСЖ 250х100-2,5",6300,4,"25,2","10,1","254,52",,,9,Стойки центр ворот,Ст.в,"160X120X7,0",9700,4,"38,8",28,"1 086,40",,,9,Колонны крайние,К1,"ЛСЖ 250х100-2,0",4000,80,320,"8,3","2 656,00",,,9,Уголок,СД-250,"2,5",,1250,,"1,5","1 875,00",,,9,Уголок,СД-250,"2,5",,760,,"1,5","1 140,00",,,9,Уголок,СД-250,"2,5",,684,,"1,5","1 026,00",,,9,Уголок,СД-250,"2,5",,904,,"1,5","1 356,00",,,9,Раскос фермы 4,Рф.4,"ЛСЖ 250х100-2,5",4730,188,"889,24","10,1","8 981,32",,,9,Стойка фермы 2,Ст.ф2,"ЛСЖ 150х55-1,5",1000,80,80,"3,4","272,00",,,6,Прогоны,Пр,"Z 2502,0",4500,48,216,"6,6","1 425,60",,,,6,Прогоны,Пр,"Z 2502,0",4500,50,225,"6,6","1 485,00",,,,,Ригель фахв.1,Р.ф1,"ЛСЖ 250х100-2,0",1000,8,8,"8,3","66,40",,,,,2,Ригель,Р,"ЛСЖ 250х100-2,0",4500,120,540,"8,3","4 482,00",,,,7,Уголок,СД-250,"2,5",,116,,2,"232,00",,,,,7,Уголок,СД-250,"2,5",,140,,2,"280,00",,,,,7,Уголок,СД-250,"2,5",,140,,2,"280,00",,,,,,7,Уголок,СД-250,"2,5",,140,,2,"280,00",,,,,7,Уголок,СД-250,"2,5",,140,,2,"280,00",,,,,7,Уголок,СД-250,"2,5",,88,,2,"176,00",,,,,7,Уголок,СД-250,"2,5",,140,,2,"280,00"
,10,Уголок,СД-200,"2,5",,24,,"1,2","28,80",,,10,Уголок,СД-200,"2,5",,52,,"1,2","62,40",,,,,,,"250-2,0",,"148,40",,"1 231,72",,,,,,,,,Итого вес:,,"3 838,14",,,,,,,,,Итого вес:,,"4 629,56",,,,,,,,,Итого вес:,,"5 205,98",,,,,,,,,"250-2,0",,"2 451,29",,,,,,,,,"250-2,5",,"4 094,14",,,10,Стойка фахв.3,Ст.ф3,"ЛСЖ 250х100-2,0",11500,4,46,"8,3","381,80",,,,,,,,,"250-2,0",,"2 148,40",,,10,Стойка фахв.2,Ст.ф2,"ЛСЖ 250х100-2,5",4400,4,"17,6","10,1","177,76",,,7,Колонна,К,"ЛСЖ 250х100-2,0",4500,22,99,"8,3","821,70",,,10,Колонна,К,"ЛСЖ 250х100-2,5",4300,44,"189,2","10,1","1 910,92",,,10,Колонна,К,"ЛСЖ 250х100-2,5",4300,44,"189,2","10,1","1 910,92",,,10,Уголок,СД-300,"2,5",,224,,"2,2","492,80",,,10,Уголок,СД-250,"2,5",,560,,"1,5","840,00",,,10,Прогоны,Пр,"ЛСЖ 250х100-2,0",4000,14,56,"8,3","464,80",,,10,Колонна,К,35Б1,8600,28,"240,8","42,5","10 234,00",,,10,Стойка фахв.1,Ст.ф1,"ЛСЖ 250х100-2,5",8100,8,"64,8","10,1","654,48",,,10,Уголок,СД-250,"2,5",,552,,"1,5","828,00",,,10,Ригель,Р,"ЛСЖ 250х100-2,0",6000,24,144,"8,3","1 195,20",,,10,Стойка фахв.3,Ст.ф3,"ЛСЖ 250х100-2,5",4950,4,"19,8","10,1","199,98",,,10,Ригель,Р,"ЛСЖ 200х75-2,0",4800,114,"547,2","6,6","3 611,52",,,10,Ригель,Р,"ЛСЖ 200х75-2,0",4800,114,"547,2","6,6","3 611,52",,,10,Стойки ворот 1,Ст.в1,"ЛСЖ 250х100-2,5",3650,4,"14,6","10,1","147,46",,,10,Стойка фахв.1,Ст.ф1,"160X120X6,0",7900,4,"31,6","25,2","796,32",,,10,Стойка фахв.1,Ст.ф1,"160X120X5,0",7900,4,"31,6","20,7","654,12",,,10,Стойка фахв.1,Ст.ф1,"ЛСЖ 250х100-2,5",7800,8,"62,4","10,1","630,24",,,10,Раскос фермы 5,Рф.5,"ЛСЖ 250х100-2,5",7535,188,"1416,58","10,1","14 307,46",,,10,Прогоны,Пр,"Z 250х65-2,5",6000,456,2736,"8,1","22 161,60",,,7,Колонна,К,"ЛСЖ 250х100-2,0",4500,14,63,"8,3","522,90",,,,7,Колонна,К,"ЛСЖ 250х100-2,5",5500,12,66,"10,1","666,60",,,,,,,,,,,,,,,,,3,Стойка фахв.1,Ст.ф1,"ЛСЖ 250х100-2,0",10200,4,"40,8","8,3","338,64",,,,,,,,,,"200-2,0",,"3 458,31",,,,,,,,,,,"200-2,0",,"4 260,22",,,,,,,,,,,"200-2,0",,"4 260,22",,,,,,,,,,,,"200-2,0",,"4 260,22",,,,,,,,,,,"200-2,0",,"4 260,22",,,,,,,,,,,"200-2,0",,"2 560,23",,,,,,,,,,,"200-2,0",,"4 260,22"
,,,,,,,"200-2,0",,"427,68",,,,,,,,,"200-2,0",,"920,37",,,,,,,,,Итого вес:,,"4 349,03",,,,,,,,,,,,,,,,,,,,,,,,,,,,,,,,,,,,,,,,,,Z 250,,"1 650,00",,,,,,,,,Итого вес:,,"7 410,64",,,10,Ригель фахв.1,Р.ф1,"ЛСЖ 200х75-2,0",4000,12,48,"6,6","316,80",,,,,,,,,"250-2,5",,"1 899,04",,,11,Ригель фахв.1,Р.ф1,"ЛСЖ 250х100-2,0",3500,8,28,"8,3","232,40",,,,Колонна,К,"ЛСЖ 250х100-2,0",5700,22,"125,4","8,3","1 040,82",,,11,Ригель,Р,"ЛСЖ 250х100-2,0",4800,60,288,"8,3","2 390,40",,,11,Ригель,Р,"ЛСЖ 250х100-2,0",4800,60,288,"8,3","2 390,40",,,,,,,,,"250-2,0",,"3 068,90",,,,,,,,,"250-2,0",,"1 294,80",,,11,Прогоны,Пр,"Z 250х65-2,0",4000,140,560,"6,6","3 696,00",,,11,Прогоны,Пр,"ЛСЖ 250х75-1,5",4750,240,1140,"5,4","6 156,00",,,11,Стойка фахв.2,Ст.ф2,"ЛСЖ 250х100-2,5",7500,8,60,"10,1","606,00",,,,,,,,,"250-2,0",,"12 607,70",,,11,Стойка фахв.1,Ст.ф1,"ЛСЖ 250х100-2,5",5000,4,20,"10,1","202,00",,,11,Ригель фахв.,Р.ф,"ЛСЖ 250х100-2,0",4500,24,108,"8,3","896,40",,,11,Прогон сдвоенный,Пр2-2,"Z 250х65-2,0",4800,76,"364,8","6,6","2 407,68",,,11,Прогон сдвоенный,Пр2,"Z 250х65-2,0",4800,76,"364,8","6,6","2 407,68",,,11,Стойки ворот 2,Ст.в2,"ЛСЖ 250х100-2,5",5570,4,"22,28","10,1","225,03",,,11,Стойка фахв.2,Ст.ф2,"160X120X6,0",5500,4,22,"25,2","554,40",,,11,Стойка фахв.2,Ст.ф2,"160X120X5,0",5500,4,22,"20,7","455,40",,,11,Стойка фахв.2,Ст.ф2,"ЛСЖ 250х100-2,5",5600,4,"22,4","10,1","226,24",,,11,Стойка средняя,СтСр,"ЛСЖ 250х100-2,5",5300,48,"254,4","10,1","2 569,44",,,11,Ферма поясовая крайн.,,,,,,,,,,,Колонна,К,"ЛСЖ 250х100-2,0",5700,14,"79,8","8,3","662,34",,,,,Колонна,К,"ЛСЖ 250х100-2,5",6700,12,"80,4","10,1","812,04",,,,,Связи по кровли,,"ЛСЖ 200х75-2,0",5800,3,"17,4","6,9","120,06",,,,,4,Стойка фахв.2,Ст.ф2,"ЛСЖ 250х100-2,0",9300,4,"37,2","8,3","308,76",,,,,,,,,,Итого вес:,,"3 458,31",,,,,,,,,,,Итого вес:,,"4 260,22",,,,,,,,,,,Итого вес:,,"4 260,22",,,,,,,,,,,,Итого вес:,,"4 260,22",,,,,,,,,,,Итого вес:,,"4 260,22",,,,,,,,,,,Итого вес:,,"2 560,23",,,,,,,,,,,Итого вес:,,"4 260,22"
,,,,,,,Итого вес:,,"427,68",,,,,,,,,Итого вес:,,"920,37",,,,,,,,,,,,,,,,,,,,,,,,,,,,,,,,,,,,,,,,,,,,,,,,,,,,,"250-2,5",,"1 383,70",,,,,,,,,,,,,,11,Уголок,СД-200,"2,5",,54,,"1,2","64,80",,,,,,,,,Итого вес:,,"4 047,44",,,12,Ригель фахв.2,Р.ф2,"ЛСЖ 250х100-2,0",3500,8,28,"8,3","232,40",,,8,Ригель,Р,"ЛСЖ 200х75-2,0",4500,60,270,"6,6","1 782,00",,,12,Стойка фахв.1,Ст.ф1,"ЛСЖ 250х100-2,5",7550,8,"60,4","10,1","610,04",,,12,Стойка фахв.1,Ст.ф1,"ЛСЖ 250х100-2,5",5500,4,22,"10,1","222,20",,,,,,,,,"250-2,5",,"454,50",,,,,,,,,"250-2,5",,"10 011,12",,,12,Колонна,К,"ЛСЖ 250х100-2,5",4600,32,"147,2","10,1","1 486,72",,,12,Связь по ферме,Св.ф,"ЛСЖ 150х55-1,5",2900,56,"162,4","3,4","552,16",,,12,Ригель фахв.1,Р.ф1,"ЛСЖ 250х100-2,0",5000,26,130,"8,3","1 079,00",,,,,,,,,"Z 250-2,0",,"5 702,40",,,12,Стойка фахв.2,Ст.ф2,"ЛСЖ 250х100-2,5",6000,4,24,"10,1","242,40",,,12,Уголок,СД-250,"2,5",,398,,"1,5","597,00",,,12,Прогон верхний,Пр2,"ЛСЖ 250х100-2,0",4800,38,"182,4","8,3","1 513,92",,,12,Прогон верхний,Пр2,"ЛСЖ 250х100-2,0",4800,38,"182,4","8,3","1 513,92",,,12,Стойки ворот 3,Ст.в3,"ЛСЖ 250х100-2,5",3000,4,12,"10,1","121,20",,,12,Ригель фахв.1,Р.ф1,"160X120X6,0",5000,4,20,"25,2","504,00",,,12,Ригель фахв.1,Р.ф1,"160X120X5,0",5000,4,20,"20,7","414,00",,,12,Ригель фахв.1,Р.ф1,"ЛСЖ 250х100-2,0",4000,12,48,"8,3","398,40",,,12,Ферма поясовая,,,,,,,,,,12,верхний/нижний пояс ,,"100х100-4,0",6000,76,456,"13,5","6 156,00",,,8,Ригель,Р,"ЛСЖ 200х75-2,0",4500,36,162,"6,6","1 069,20",,,,8,Ригель,Р,"ЛСЖ 200х75-2,0",4500,20,90,"6,6","594,00",,,,,,,,,,,,,,,,,5,Стойка фахв.3,Ст.ф3,"ЛСЖ 250х100-2,0",8400,4,"33,6","8,3","278,88",,,,,,,,,,,,,,,,,,,,,,,,,,,,,,,,,,,,,,,,,,,,,,,,,,,,,,,,,,,,,,,,,,,,,,,,,,,,,,,,,,,,,,,,,,,
,,,,,,,,,,,,,,,,,,,,,,,,,,,,,,,,,,,,,,,,,,,,,,,,,,,,,,,,,,,,,,,,,,,,,,,,,Итого вес:,,"5 484,99",,,,,,,,,,,,,,12,Уголок,СД-250,"2,5",,180,,"1,5","270,00",,,,,,,,,,,,,,13,Ригель фахв.3,Р.ф3,"ЛСЖ 250х100-2,0",3500,4,14,"8,3","116,20",,,9,Стойка фахв.1,Ст.ф1,"ЛСЖ 250х100-2,0",5100,4,"20,4","8,3","169,32",,,13,Стойка фахв.2,Ст.ф2,"ЛСЖ 250х100-2,5",6050,8,"48,4","10,1","488,84",,,13,Стойка фахв.2,Ст.ф2,"ЛСЖ 250х100-2,5",4900,4,"19,6","10,1","197,96",,,,,,,,,"300-3,5",,"1 635,84",,,,,,,,,"200-2,0",,"1 663,20",,,13,Ригель,Р,"ЛСЖ 250х100-2,0",4000,14,56,"8,3","464,80",,,13,Связь по ферме,Св.ф,"ЛСЖ 150х55-1,5",1600,28,"44,8","3,4","152,32",,,13,Уголок,СД-250,"2,5",,420,,"1,5","630,00",,,,,,,,,Итого вес:,,"18 310,10",,,13,Ригель фахв.1,Р.ф1,"ЛСЖ 250х100-2,0",3250,8,26,"8,3","215,80",,,,,,,,,"250-2,0",,"6 884,55",,,13,Прогон одинарный,Пр1,"Z 250х65-2,0",4800,380,1824,"6,6","12 038,40",,,13,Прогон одинарный,Пр1,"Z 250х65-2,0",4800,380,1824,"6,6","12 038,40",,,13,Стойка фахв.1,Ст.ф1,"ЛСЖ 250х100-2,5",10500,4,42,"10,1","424,20",,,13,Ригель фахв.2,Р.ф2,"160X120X6,0",3500,12,42,"25,2","1 058,40",,,13,Ригель фахв.2,Р.ф2,"160X120X5,0",3500,12,42,"20,7","869,40",,,13,Ригель фахв.2,Р.ф2,"ЛСЖ 250х100-2,0",3100,8,"24,8","8,3","205,84",,,13,верхний пояс ,,"140х140х6,0",9000,24,216,25,"5 400,00",,,13,раскосная решетка,,"100х100-4,0",12200,38,"463,6","13,5","6 258,60",,,9,Стойка фахв.1,Ст.ф1,"ЛСЖ 250х100-2,0",5100,4,"20,4","8,3","169,32",,,,9,Стойка фахв.1,Ст.ф1,"ЛСЖ 250х100-2,0",6300,4,"25,2","8,3","209,16",,,,,,,,,,,,,,,,,,Стойка ворота,Ст.ф3,"ЛСЖ 250х100-2,0",11100,4,"44,4","8,3","368,52",,,,,,,,,,,,,,,,,,,,,,,,,,,,,,,,,,,,,,,,,,,,,,,,,,,,,,,,,,,,,,,,,,,,,,,,,,,,,,,,,,,,,,,,,,,
,,,,,,,,,,,,,,,,,,,,,,,,,,,,,,,,,,,,,,,,,,,,,,,,,,,,,,,,,,,,,,,,,,,,,,,,,,,,,,,,,,,,,,,,,,,,,"150-1,5",,280,,"924,00",,,,,,,,,,,,,,14,Уголок,СД-200,"2,5",,12,,"1,2","14,40",,,,Стойка фахв.1,Ст.ф1,"ЛСЖ 250х100-2,0",4800,4,"19,2","8,3","159,36",,,14,Стойка под ворота,Ст.В,"ЛСЖ 250х100-2,5",4000,8,32,"10,1","323,20",,,14,Стойка под двери,Ст.д,"ЛСЖ 250х100-2,0",3900,6,"23,4","8,3","194,22",,,,,,,,,"300-4,0",,"5 647,62",,,,,,,,,"Z 2502,0",,"3 742,20",,,14,Стойка фахв.1,Ст.ф1,"ЛСЖ 250х100-2,5",7400,2,"14,8","10,1","149,48",,,14,Ригель,Р,"ЛСЖ 250х75-2,0",4750,240,1140,"7,1","8 094,00",,,,,,,,,"250-2,0",,"7 859,27",,,,,,,,,,,,,,14,Ригель фахв.2,Р.ф2,"ЛСЖ 250х100-2,0",4150,6,"24,9","8,3","206,67",,,,,,,,,"250-2,5",,"11 740,64",,,14,Ригель фахв.1,Рф-1,150X100X5.0,4180,6,"25,08","18,5","463,98",,,14,Ригель фахв.1,Р.ф1,"ЛСЖ 250х100-2,0",5390,10,"53,9","6,6","355,74",,,14,Стойка фахв.2,Ст.ф2,"ЛСЖ 250х100-2,5",9200,4,"36,8","10,1","371,68",,,14,Ригель фахв.3,Р.ф3,"160X120X6,0",4100,4,"16,4","25,2","413,28",,,14,Ригель фахв.3,Р.ф3,"160X120X5,0",4100,4,"16,4","20,7","339,48",,,14,Ригель фахв.3,Р.ф3,"ЛСЖ 250х100-2,0",4500,8,36,"8,3","298,80",,,14,нижний пояс,,"140х140х6,0",9000,24,216,25,"5 400,00",,,14,Ферма поясовая средн.,,,,,,,,,,,Стойка фахв.1,Ст.ф1,"ЛСЖ 250х100-2,0",4800,4,"19,2","8,3","159,36",,,,,Стойка фахв.1,Ст.ф1,"ЛСЖ 250х100-2,0",5800,4,"23,2","8,3","192,56",,,,,,,,,,,,,,,,,,,,,,,,,,,,,,,,,,,,,,,,,,,,,,,,,,,,,,,,,,,,,,,,,,,,,,,,,,,,,,,,,,,,,,,,,,,,,,,,,,,,,,,,,,,,,,,,,,,,
,,,,,,,,,,,,,,,,,,,,,,,,Затяжка ф18мм,,,6000,5,30,,66,,,,Затяжка ф14мм,,,8600,6,"51,6",,"67,08",,,,Затяжка ф14мм,,,5800,12,"69,6",,"90,48",,,,Затяжка ф14мм,,,6000,14,84,,"109,2",,,,Затяжка ф20мм,,,5800,8,"46,4",,"139,2",,,,Затяжка ф20мм,,,7300,12,"87,6",,219,,,,,,,"200-2,0",,238,,"1 570,80",,,,Затяжка ф20мм,,,1800,22,"39,6",,99,,,15,Уголок,СД-250,"2,5",,292,,"1,5","438,00",,,1,Стойка под ворота,Ст.В,"ЛСЖ 250х100-2,0",5700,18,"102,6","8,3","851,58",,,15,Ригель фахв.,Р.ф,"ЛСЖ 250х100-2,0",5100,16,"81,6","8,3","677,28",,,15,Ригель под окно,Р5,"ЛСЖ 250х100-2,0",2100,2,"4,2","8,3","34,86",,,,,,,,,Итого вес:,,"10 806,86",,,,,,,,,Итого вес:,,"16 711,32",,,15,Стойка фахв.2,Ст.ф2,"ЛСЖ 250х100-2,5",6700,4,"26,8","10,1","270,68",,,15,Балка фахверк,Б.ф.,"ЛСЖ 250х75-2,0",12180,4,"48,72","7,1","345,91",,,,,,,,,"250-2,5",,"8 823,36",,,,Затяжка ф22мм,,,6250,44,275,,825,,,15,Ригель фахв.3,Р.ф3,"ЛСЖ 250х100-2,0",2500,4,10,"8,3","83,00",,,,,,,,,Итого вес:,,"18 625,19",,,15,Ригель фахв.2,Рф-2,150X100X5.0,3180,28,"89,04","18,5","1 647,24",,,15,Ригель фахв.2,Р.ф2,"ЛСЖ 250х100-2,0",3100,20,62,"8,3","514,60",,,15,Стойка фахв.3,Ст.ф3,"ЛСЖ 250х100-2,5",7050,4,"28,2","10,1","284,82",,,15,Стойка ворот,Ст. вр.,"160X120X6,0",3100,4,"12,4","25,2","312,48",,,15,Стойка ворот,Ст. вр.,"160X120X5,0",3100,4,"12,4","20,7","256,68",,,15,Стойка конек,Ст.К,"ЛПЖ 150х45-1,5",1000,40,40,"3,3","132,00",,,15,раскосная решетка,,"140х140х6,0",12800,24,"307,2",25,"7 680,00",,,15,верхний/нижний пояс ,,"100х100-4,0",6000,76,456,"13,5","6 156,00",,,1,Стойка под ворота,Ст.В,"ЛСЖ 250х100-2,0",5700,18,"102,6","8,3","851,58",,,,1,Ригель фахв.,Р.ф,"ЛСЖ 250х100-2,0",5000,4,20,"8,3","166,00",,,,1,Уголок,СД-250,"2,5",,84,,"1,5","126,00",,,,,,,,,,,,,,,,,,,,,,,,,,,,,,,,,,,,,,,,,,,,,,,,,,,,,,,,,,,,,,,,,,,,,,,,,,,,,,,,,,,,,,,,,,,,,,,,,,,,,,,,
,,,,,,,,,,,,,,,,,,,,,,,,,,,,,,,,,,,,,,,,,,,,,,,,,,,,,,,,,,,,,,,,,,,,,,,,,,,,,,,,,,,,,,,,,,,,,"Z 250-2,5",,220,,"1 452,00",,,,,,,,,,,,,,,,,,,,"200-2,0",,"2 455,20",,,2,Ригель фахв.,Р.ф,"ЛСЖ 250х100-2,0",3400,12,"40,8","8,3","338,64",,,16,Ригель ворот,Р.В,"ЛСЖ 250х100-2,0",4700,6,"28,2","8,3","234,06",,,16,Ригель под окно,Р6,"ЛСЖ 250х100-2,0",4400,1,"4,4","8,3","36,52",,,,,,,,,,,,,,,,,,,,,,,,,16,Стойка фахв.3,Ст.ф3,"ЛСЖ 250х100-2,5",7550,2,"15,1","10,1","152,51",,,16,Стойка фахв.1,Ст.ф1,"ЛСЖ 250х100-2,0",8900,8,"71,2","8,3","590,96",,,,,,,,,"Z 250х2,0",,"3 379,20",,,,,,,,,,,,,,16,Уголок,СД-250,"2,5",,340,,"1,5","510,00",,,,,,,,,,,,,,16,Ригель фахв.3,Рф-3,150X100X5.0,2030,4,"8,12","18,5","150,22",,,16,Ригель фахв.3,Р.ф3,"ЛСЖ 250х100-2,0",2650,12,"31,8","8,3","263,94",,,16,Ригель фахв.1,Р.ф1,"ЛСЖ 250х100-2,0",3150,20,63,"8,3","522,90",,,16,Стойка конек,Ст.К,СЖТ 150х47/41х1.5,850,40,34,"3,3","112,20",,,16,Стойка конек,Ст.К,СЖТ 150х47/41х1.5,870,40,"34,8","3,3","114,84",,,16,Распорка конька,Р.К,"ЛПЖ 150х45-1,5",1000,40,40,"3,3","132,00",,,16,Прогоны,Пр,"Z 250-2,0",4500,1536,6912,"6,6","45 619,20",,,16,раскосная решетка,,"100х100-4,0",13400,38,"509,2","13,5","6 874,20",,,2,Ригель фахв.,Р.ф,"ЛСЖ 250х100-2,0",3400,12,"40,8","8,3","338,64",,,,2,Ригель фахв.,Р.ф,"ЛСЖ 250х100-2,0",3500,12,42,"8,3","348,60",,,,,,,,,,"250-2,0",,,,,,,,,,,,,,,,,,,,Затяжка ф22мм,,,3300,4,"13,2",,"39,6",,,,,,Затяжка ф22мм,,,3300,6,"19,8",,"59,4",,,,,,Затяжка ф22мм,,,3300,6,"19,8",,"59,4",,,,,,,Затяжка ф22мм,,,3300,6,"19,8",,"59,4",,,,,,Затяжка ф22мм,,,3300,6,"19,8",,"59,4",,,,,,Затяжка ф22мм,,,4800,2,"9,6",,"28,8",,,,,,Затяжка ф22мм,,,3300,6,"19,8",,"59,4"
,,,,,,,,,,,,,,,,,,,,,,,,,,,,,,,,,,,,,,,,,,,,,,,,,,,,,,,,,,,,,,,,,,,,,,,,,,,,,,,,,,,,,,,,,,,,,"250-2,0",,"329,6",,"2 735,68",,,,,,,,,,,,,,,,,,,,"250-2,0",,"3 421,60",,,,связь по кровле,,"ЛСЖ 150х55-1,5",5300,10,53,"3,3","174,90",,,17,Уголок,СД-250,"2,5",,560,,"1,5","840,00",,,17,Ригель под окно,Р7,"ЛСЖ 250х100-2,0",4400,1,"4,4","8,3","36,52",,,,Затяжка ф20мм,,,10300,12,"123,6",,"370,8",,,,Затяжка ф20мм,,,10300,16,"164,8",,"494,4",,,17,Стойка фахв.4,Ст.ф4,"ЛСЖ 250х100-2,5",7100,2,"14,2","10,1","143,42",,,17,Стойка фахв.2,Ст.ф2,"ЛСЖ 250х100-2,0",9900,8,"79,2","8,3","657,36",,,,,,,,,Итого вес:,,"20 061,83",,,,,,,,,,,,,,,,,,,,"250-2,5",,"5 080,30",,,,Затяжка ф22мм,,,8500,24,204,,612,,,17,Ригель фахв.4,Рф-4,150X100X5.0,1930,8,"15,44","18,5","285,64",,,17,Ригель фахв.4,Р.ф4,"ЛСЖ 250х100-2,0",2250,8,18,"8,3","149,40",,,17,Ригель фахв.2,Р.ф2,"ЛСЖ 250х100-2,0",2300,20,46,"8,3","381,80",,,17,Балка конек,Б.К,СЖТ 150х47/41х1.5,1800,40,72,"3,3","237,60",,,17,Балка конек,Б.К,СЖТ 150х47/41х1.5,1800,40,72,"3,3","237,60",,,17,Прогон конек,Пр.К,"ЛПЖ 150х45-1,5",4800,76,"364,8","3,3","1 203,84",,,17,Ригель,Р,"ЛСЖ 250х100-2,0",4500,432,1944,"8,3","16 135,20",,,17,Связевой блок,,"100х100-4,0",100800,4,"403,2","13,5","5 443,20",,,,связь по кровле,,"ЛСЖ 150х55-1,5",5300,6,"31,8","3,3","104,94",,,,,связь по кровле,,"ЛСЖ 150х55-1,5",5300,5,"26,5","3,3","87,45",,,,,,,,,,"250-2,5",,,,,,,,,,,,,,,,,,,,,,,,,,,,,,,,,,,,,,,,,,,,,,,,,,,,,,,,,,,,,,,,,,,,,,,,,,,,,,,,,,,,,,,,,,,,,,,,,,,,,,,,,,
,,,,,,,,,,,,,,,,,,,,,,,,,,,,,,,,,,,,,,,,,,,,,,,,,,,,,,,,,,,,,,,,,,,,,,,,,,,,,,,,,,,,,,,,,,,,,"250-2,5",,"409,44",,"4 135,34",,,,,,,,,,,,,,,,,,,,"250-2,5",,"5 126,40",,,1,Уголок,СД-250,"2,5",,360,,"1,5","540,00",,,18,Стойка конек,Ст.К,СЖТ 150х47/41х1.5,870,20,"17,4","3,3","57,42",,,18,Ригель под окно,Р8,"ЛСЖ 250х100-2,0",4400,2,"8,8","8,3","73,04",,,,,,,,,,,,,,,,,,,,,,,,,18,Стойка фахв.5,Ст.ф5,"ЛСЖ 250х100-2,5",6200,2,"12,4","10,1","125,24",,,18,Стойка фахв.3,Ст.ф3,"ЛСЖ 250х100-2,0",10900,8,"87,2","8,3","723,76",,,,,,,,,,,,,,,,,,,,,,,,,,,,,,,"250-2,0",,"1 700,67",,,,,,,,,,,,,,18,Ригель фахв.5,Рф-5,150X100X5.0,2480,12,"29,76","18,5","550,56",,,18,Ригель фахв.5,Р.ф5,"ЛСЖ 250х100-2,0",2450,12,"29,4","8,3","244,02",,,18,Ригель фахв.3,Р.ф3,"ЛСЖ 250х100-2,0",3000,20,60,"8,3","498,00",,,18,Прогон конек,Пр.К,СЖТ 150х47/41х1.5,5000,152,760,"3,3","2 508,00",,,18,Прогон конек,Пр.К,СЖТ 150х47/41х1.5,5000,152,760,"3,3","2 508,00",,,18,Уголок 150,,"2,5",,152,,"0,5","76,00",,,18,Фахверк,,,,,,,,,,18,Площадка,,,,,,,,,,1,Уголок,СД-250,"2,5",,240,,"1,5","360,00",,,,1,Уголок,СД-250,"2,5",,182,,"1,5","273,00",,,,,,,,,,Итого вес:,,"3 497,18",,,,,1,Ригель фахв. 1,Р.ф1,"ЛСЖ 250х100-2,0",4500,28,126,"8,3","1 045,80",,,,,,,,Оцинковка,,"3 458,31",175,605 204р.,,,,,,,,,Оцинковка,,"4 260,22",175,745 539р.,,,,,,,,,Оцинковка,,"4 260,22",157,668 855р.,,,,,,,,,,Оцинковка,,"4 260,22",130,553 829р.,,,,,,,,,Оцинковка,,"4 260,22",140,596 431р.,,,,,,,,,Оцинковка,,"2 560,23",145,371 234р.,,,,,,,,,Оцинковка,,"4 260,22",137,583 651р.
,,,,,,,,,,,,,,,,,,,,,,,,,,,,,,,,,,,,,,,,,,,,,,,,,,,,,,,,,,,,,,,,,,,,,,,,,,,,,,,,,,,,,,,,,,,,,,,Итого вес:,,"10 817,82",,,,,,,,,,,,,,,,,,,,Итого вес:,,"11 003,20",,,,,,,,,"200-2,0",,"683,10",,,19,Балка конек,Б.К,СЖТ 150х47/41х1.5,1200,20,24,"3,3","79,20",,,19,Ригель под окно,Р9,"ЛСЖ 250х100-2,0",1650,2,"3,3","8,3","27,39",,,,,,,,,,,,,,,,,,,,,,,,,19,Ригель фахв.1,Р.ф1,"ЛСЖ 250х100-2,0",5000,7,35,"8,3","290,50",,,19,Ригель фахв.1,Р.ф1,"ЛСЖ 250х75-2,0",4800,70,336,"7,1","2 385,60",,,,,,,,,,,,,,,,,,,,,,,,,,,,,,,"200-2,0",,"1 104,84",,,,,,,,,,,,,,19,Ригель фахв.6,Рф-6,150X100X5.0,440,12,"5,28","18,5","97,68",,,19,Ригель фахв.6,Р.ф6,"ЛСЖ 250х100-2,1",2450,4,"9,8","8,3","81,34",,,19,Ригель фахв.4,Р.ф4,"ЛСЖ 250х100-2,0",3650,12,"43,8","8,3","363,54",,,19,Уголок 150,СД-150,"2,5",,308,,"0,5","154,00",,,19,Уголок 150,СД-150,"2,5",,308,,"0,5","154,00",,,,Фахверки,"1 759,52",,"150-1,5",,"444,80",,"1 467,84",,,19,Стойка фахв.1,Ст.ф1,"ЛСЖ 250х100-2,5",9100,4,"36,4","10,1","367,64",,,19,Прогон площадки,ПЛ.Пр,25Б1,6000,32,192,"25,7","4 934,40",,,,,,,,,"200-2,0",,"379,50",,,,,,,,,,"200-2,0",,"390,72",,,,,,,,,,,,,,,,,2,,,,,,,,,,,,,,,,Уголок 250,,116,250,29 000р.,,,,,,,,,Уголок 250,,140,250,35 000р.,,,,,,,,,Уголок 250,,140,250,35 000р.,,,,,,,,,,Уголок 250,,140,250,35 000р.,,,,,,,,,Уголок 250,,140,250,35 000р.,,,,,,,,,Уголок 250,,88,300,26 400р.,,,,,,,,,Уголок 250,,140,250,35 000р.
,,,,,,,,,,,,,,,,,,,,,,,,,,,,,,,,,,,,,,,,,,,,,,,,,,,,,,,,,,,,,,,,,,,,,,,,,,,,,,,,,,,,,,,,,,,,,,,,,,,,,,,,,,,,,,,,,,,,,,,,,,,,,,,,"250-2,0",,"3 537,00",,,20,Прогон конек,Пр.К,СЖТ 150х47/41х1.5,1500,54,81,"3,3","267,30",,,20,Ригель ворот,Р.В,"ЛСЖ 250х100-2,0",2000,1,2,"8,3","16,60",,,,,,,,,,,,,,,,,,,,,,,,,20,Ригель фахв.2,Р.ф2,"ЛСЖ 250х100-2,0",4500,4,18,"8,3","149,40",,,20,Уголок,СД-200,"2,5",,112,,"1,2","134,40",,,,,,,,,,,,,,,,,,,,,,,,,,,,,,,"Уг 100-2,5",,"2 920,68",,,,,,,,,,,,,,20,Ригель фахв.7,Рф-7,150X100X5.0,5340,2,"10,68","18,5","197,58",,,20,Усиление под ворота,,"ЛСЖ 250х100-2,0",,,,,"500,00",,,20,Усиление под ворота,,"ЛСЖ 250х100-2,0",,,,,"500,00",,,20,Соед. уголок,120х60х150,"2,5",,156,,"0,5","78,00",,,20,Соед. уголок,120х60х150,"2,5",,156,,"0,5","78,00",,,,Конек,"1 543,84",,"200-2,0",,"244,80",,"1 615,68",,,20,Стойка фахв.2,Ст.ф2,"ЛСЖ 250х100-2,5",9800,4,"39,2","10,1","395,92",,,20,Балка площадки,ПЛ.Б,25Б1,6000,20,120,"25,7","3 084,00",,,,,,,,,"250-2,0",,"2 202,48",,,,,,,,,,"250-2,0",,"1 581,81",,,,,,,,,,,,,,,,,3,,,,,,,,,,,,,,,,Фасонка 6мм,,"691,66",140,96 833р.,,,,,,,,,Фасонка 6мм,,"852,04",140,119 286р.,,,,,,,,,Фасонка 6мм,,"852,04",130,110 766р.,,,,,,,,,,Фасонка 6мм,,"852,04",130,110 766р.,,,,,,,,,Фасонка 6мм,,"852,04",150,127 807р.,,,,,,,,,Фасонка 6мм,,"512,05",136,69 638р.,,,,,,,,,Фасонка 6мм,,"852,04",132,112 470р.
,,,,,,,,,,,,,,,,,,,,,,,,,,,,,,,,,,,,,,,,,,,,,,,,,,,,,,,,,,,,,,,,,,,,,,,,,,,,,,,,,,,,,,,,,,,,,,,,,,,,,,,,,,,,,,,,,,,,,,,,,,,,,,,,"250-2,5",,"4 923,56",,,21,Уголок,СД-150,"2,5",,108,,"0,5","54,00",,,21,Ригель дверей,Р11,"ЛСЖ 250х100-2,0",2300,1,"2,3","8,3","19,09",,,,,,,,,,,,,,,,,,,,,,,,,21,Ригель фахв.3,Р.ф3,"ЛСЖ 250х100-2,0",1500,4,6,"8,3","49,80",,,21,Уголок,СД-250,"2,5",,788,,"1,5","1 182,00",,,,,,,,,,,,,,,,,,,,,,,,,,,,,,,"Z 250-2,5",,"6 220,80",,,,,,,,,,,,,,21,Уголок,СД-250,"2,5",,988,,"1,5","1 482,00",,,21,Уголок,СД-250,"2,5",,1234,,"1,5","1 851,00",,,21,Стойка конек,Ст.К,СЖТ 150х47/41х1.5,850,40,34,"3,3","112,20",,,21,Соед. пластина,,"2,5",,20,,"2,5","50,00",,,21,Соед. пластина,,"2,5",,20,,"2,5","50,00",,,,,,,Z 250,,"1 459,20",,"9 630,72",,,21,Стойка фахв.3,Ст.ф3,"ЛСЖ 250х100-2,5",5150,4,"20,6","10,1","208,06",,,21,Уголок,СД-200,"2,5",,912,,"1,2","1 094,40",,,,,,,,,"250-2,5",,"3 562,36",,,,,,,,,,"250-2,5",,"3 277,42",,,,,,,,Оцинковка,,"3 497,18",175,612 007р.,,,,,4,,,,,,,,,,,,,Площадь,105,,Затяжка ф22мм,,"39,6",150,5 940р.,,,,,,Площадь,140,,Затяжка ф22мм,,"59,4",150,8 910р.,,,,,,Площадь,140,,Затяжка ф22мм,,"59,4",150,8 910р.,,,,,,,Площадь,140,,Затяжка ф22мм,,"59,4",150,8 910р.,,,,,,Площадь,140,,Затяжка ф22мм,,"59,4","160,04",9 506р.,,,,,,Площадь,120,,Затяжка ф22мм,,"28,8",150,4 320р.,,,,,,Площадь,140,,Затяжка ф22мм,,"59,4",152,9 029р.
,,,,,,,,,,,,,,,,,,,,,,,,,,,,,,,,,,,,,,,,,,,,,,,,,,,,,,,,,,,,,,,,,,,,,,,,,,,,,,,,,,,,,,,,,,,,,,,,,,,,,,,,,,,,,,,,,,,,,,,,,,,,,,,,"Z 2502,0",,"2 376,00",,,22,Соед. уголок,120х60х150,"2,5",,84,,"0,5","42,00",,,22,Ригель дверей,Рд,"ЛСЖ 250х100-2,0",1200,2,"2,4","8,3","19,92",,,,,,,,,,,,,,,,,,,,,,,,,22,Ригель фахв.4,Р.ф4,"ЛСЖ 250х100-2,0",3000,20,60,"8,3","498,00",,,,,,,35Б1,,"240,8",,"10 234,00",,,,,,,,,,,,,,,,,,,,,,,,,,,,,,,Итого вес:,,"17 027,29",,,,,,,,,,,,,,22,Стойка конек,Ст.К,СЖТ 150х47/41х1.5,850,40,34,"3,3","112,20",,,22,Стойка конек,Ст.К,СЖТ 150х47/41х1.5,850,40,34,"3,3","112,20",,,22,Балка конек,Б.К,СЖТ 150х47/41х1.5,1800,40,72,"3,3","237,60",,,,,,,"180х100х8,0",,"160,00",,"5 312,00",,,,,,,"180х100х6,0",,"160,00",,"3 923,20",,,,,,,"250-2,0",,"502,40",,"4 169,92",,,22,Стойка фахв.4,Ст.ф4,"ЛСЖ 250х100-2,5",10900,4,"43,6","10,1","440,36",,,,,,,,,40Б1,,"37 106,96",,,,,,,,,"Z 2502,0",,"1 425,60",,,,,,,,,,"Z 2502,0",,"1 485,00",,,,,,,,Уголок 250,,84,250,21 000р.,,,,,5,Уголок,СД-250,"2,5",,576,,2,"1 152,00",,,,,Металоемкост расч.,"47,80",,Связи ф12мм,,"53,8",150,8 070р.,,,,,,Металоемкост расч.,"43,93",,Связи ф12мм,,"53,8",150,8 070р.,,,,,,Металоемкост расч.,"43,93",,Связи ф12мм,,"53,8",150,8 070р.,,,,,,,Металоемкост расч.,"43,93",,Связи ф12мм,,"53,8",150,8 070р.,,,,,,Металоемкост расч.,"43,93",,Связи ф12мм,,"53,8","160,04",8 610р.,,,,,,Металоемкост расч.,"31,19",,Связи ф12мм,,"53,8",162,8 716р.,,,,,,Металоемкост расч.,"43,93",,Связи ф12мм,,"53,8",152,8 178р.
,,,,,,,,,,,,,,,,,,,,,,,,,,,,,,,,,,,,,,,,,,,,,,,,,,,,,,,,,,,,,,,,,,,,,,,,,,,,,,,,,,,,,,,,,,,,,,,,,,,,,,,,,,,,,,,,,,,,,,,,,,,,,,,,Итого вес:,,"11 519,66",,,23,Соед. пластина,,"2,5",,10,,"2,5","25,00",,,23,Ригель фахверка,Р.ф,"ЛСЖ 250х100-2,0",4900,9,"44,1","8,3","366,03",,,,,,,,,,,,,,,,,,,,,,,,,23,Уголок,СД-200,"2,5",,14,,"1,2","16,80",,,,,,,"ЛСЖ 250х100-2,0",,"919,68",,"7 633,34",,,,,,,,,,,,,,,,,,,,,,,,,,,,,,,,,,,,,,,,,,,,,,,23,Балка конек,Б.К,СЖТ 150х47/41х1.5,1800,40,72,"3,3","237,60",,,23,Балка конек,Б.К,СЖТ 150х47/41х1.5,1800,40,72,"3,3","237,60",,,23,Прогон конек,Пр.К,СЖТ 150х47/41х1.5,4800,152,"729,6","3,3","2 407,68",,,,,,,"160X120X6,0",,"424,40",,"10 694,88",,,,,,,"160X120X5,0",,"424,40",,"8 785,08",,,,,,,"250-2,5",,"2 156,80",,"21 783,68",,,23,Стойка фахв.5,Ст.ф5,"ЛСЖ 250х100-2,5",11600,4,"46,4","10,1","468,64",,,,,,,,,25Б1,,"8 018,40",,,,,,,,,Итого вес:,,"7 569,94",,,,,,,,,,Итого вес:,,"6 734,95",,,,,,,,Фасонка 6мм,,"885,48",140,123 967р.,,,,,,,,,,,"200-2,0",,,,,,,Вес каркаса расч.,"5 018,71",,Пятки,,405,140,56 700р.,,,,,,Вес каркаса расч.,"6 150,88",,Пятки,,475,140,66 500р.,,,,,,Вес каркаса расч.,"6 150,88",,Пятки,,475,130,61 750р.,,,,,,,Вес каркаса расч.,"6 150,88",,Пятки,,475,130,61 750р.,,,,,,Вес каркаса расч.,"6 150,88",,Пятки,,475,140,66 500р.,,,,,,Вес каркаса расч.,"3 743,29",,Пятки,,310,124,38 440р.,,,,,,Вес каркаса расч.,"6 150,88",,Пятки,,475,129,61 275р.
,,,,,,,,,,,,,,,,,,,,,,,,,,,,,,,,,,,,,,,,,,,,,,,,,,,,,,,,,,,,,,,,,,,,,,,,,,,,,,,,,,,,,,,,,,,,,,,,,,,,,,,,,,,,,,,,,,,,,,,,,,,,,,,,,,,,,,,,,,,"150-1,5",,"403,92",,,24,Уголок,СД-250,"2,5",,502,,"1,5","753,00",,,,,,,,,,,,,,,,,,,,,,,,,24,Уголок,СД-250,"2,5",,406,,"1,5","609,00",,,,,,,"ЛСЖ 250х75-2,0",,"1524,72",,"10 825,51",,,,,,,,,,,,,,,,,,,,,,,,,,,,,,,,,,,,,,,,,,,,,,,24,Прогон конек,Пр.К,СЖТ 150х47/41х1.5,4800,152,"729,6","3,3","2 407,68",,,24,Прогон конек,Пр.К,СЖТ 150х47/41х1.5,4800,152,"729,6","3,3","2 407,68",,,24,Уголок,СД-150,"2,5",,308,,"0,5","154,00",,,,,,,"150-1,5",,"866,00",,"2 857,80",,,,,,,"150-1,5",,"866,80",,"2 860,44",,,,,,,,,Итого вес:,,"38 667,84",,,24,Ригель фахв. 1,Р.ф1,"ЛСЖ 250х100-2,0",4150,24,"99,6","8,3","826,68",,,,,,,,,"100х100-4,0",,"30 888,00",,,,,,,,,,,,,,,,,,,,,,,,,,,,Площадь,105,,Затяжка ф20мм,,,,0р.,,,,,,,,,,,"250-2,0",,,,,,,Цена за тонну расч.,"199,06р.",,Метизы,,"138,33",150,20 750р.,,,,,,Цена за тонну расч.,"199,22р.",,Метизы,,"170,41",150,25 561р.,,,,,,Цена за тонну расч.,"181,67р.",,Метизы,,"170,41",150,25 561р.,,,,,,,Цена за тонну расч.,"159,23р.",,Метизы,,"170,41",150,25 561р.,,,,,,Цена за тонну расч.,"173,35р.",,Метизы,,"170,41",190,32 378р.,,,,,,Цена за тонну расч.,"184,86р.",,Метизы,,"102,41",200,20 482р.,,,,,,Цена за тонну расч.,"166,33р.",,Метизы,,"170,41",180,30 674р.
,,,,,,,,,,,,,,,,,,,,,,,,,,,,,,,,,,,,,,,,,,,,,,,,,,,,,,,,,,,,,,,,,,,,,,,,,,,,,,,,,,,,,,,,,,,,,,,,,,,,,,,,,,,,,,,,,,,,,,,,,,,,,,,,,,,,,,,,,,,"200-2,0",,"2 981,88",,,,,,,,,"200-2,0",,"1 681,02",,,,,,,,,,,,,,,,,,,,,,,,,,,,,,,"200-2,0",,"4 835,82",,,,,,,"ЛСЖ 250х75-1,5",,1140,,"6 156,00",,,,,,,,,,,,,,,,,,,,,,,,,,,,,,,,,,,,,,,,,,,,,,,25,Уголок,СД-150,"2,5",,308,,"0,5","154,00",,,25,Уголок,СД-150,"2,5",,308,,"0,5","154,00",,,25,Соед. уголок,120х60х150,"2,5",,156,,"0,5","78,00",,,,,,,"200-2,0",,"244,80",,"1 566,72",,,,,,,"200-2,0",,"244,80",,"1 566,72",,,,,,,,,,,,,,25,Ригель фахв. 2,Р.ф2,"ЛСЖ 250х100-2,0",4100,24,"98,4","8,3","816,72",,,,,,,,,"200-2,0",,"25 066,88",,,,,,,,,,,,,,,,,,,,,,,,,,,,Металоемкост расч.,"48,50",,Связи ф14мм,,"83,98",150,12 597р.,,,,,,,,,,,"250-2,5",,,,,,,Цена на 1 кв. м,"9 514,68р.",,Доставка,,"0,19",,,,,,,,Цена на 1 кв. м,"8 752,87р.",,Доставка,,"0,24",,,,,,,,Цена на 1 кв. м,"7 981,84р.",,Доставка,,"0,24",,,,,,,,,Цена на 1 кв. м,"6 995,90р.",,Доставка,,"0,24",,,,,,,,Цена на 1 кв. м,"7 616,01р.",,Доставка,,"0,24",,,,,,,,Цена на 1 кв. м,"5 766,63р.",,Доставка,,"0,14",,,,,,,,Цена на 1 кв. м,"7 307,81р.",,Доставка,,"0,24",,
,,,,,,,,,,,,,,,,,,,,,,,,,,,,,,,,,,,,,,,,,,,,,,,,,,,,,,,,,,,,,,,,,,,,,,,,,,,,,,,,,,,,,,,,,,,,,,,,,,,,,,,,,,,,,,,,,,,,,,,,,,,,,,,,,,,,,,,,,,,"250-2,0",,"4 496,94",,,,,,,,,"250-2,0",,"7 218,51",,,,,,,,,,,,,,,,,,,,,,,,,,,,,,,"250-2,0",,"1 917,30",,,,,,,"ЛСЖ 200х75-2,0",,"1331,68",,"8 789,09",,,,,,,,,,,,,,,,,,,,,,,,,,,,,,,,,,,,,,,,,,,,,,,26,Соед. уголок,120х60х150,"2,5",,156,,"0,5","78,00",,,26,Соед. уголок,120х60х150,"2,5",,156,,"0,5","78,00",,,26,Соед. пластина,,"2,5",,20,,"2,5","50,00",,,,,,,Z 250,,"1 520,00",,"10 032,00",,,,,,,Z 250,,"1 330,00",,"8 778,00",,,,Затяжка ф18мм,,,5500,36,198,,693,,,26,Ригель фахв. 3,Р.ф3,"ЛСЖ 250х100-2,0",6000,12,72,"8,3","597,60",,,,,,,,,"250-2,0",,,,,,,,,,,,,,,,,,,,,,,,,,,,,,Вес каркаса расч.,"5 092,53",,Пятки,,360,140,50 400р.,,,,,,,,,,,"Z 2502,0",,,,,,,Цена расч.,"999 041,34р.",,Проект,,,2,10 037р.,,,,,,Цена расч.,"1 225 402,29р.",,Проект,,,2,12 302р.,,,,,,Цена расч.,"1 117 456,91р.",,Проект,,,2,12 302р.,,,,,,,Цена расч.,"979 425,65р.",,Проект,,,2,12 302р.,,,,,,Цена расч.,"1 066 240,88р.",,Проект,,,2,12 302р.,,,,,,Цена расч.,"691 995,20р.",,Проект,,,10,37 433р.,,,,,,Цена расч.,"1 023 092,84р.",,Проект,,,2,12 302р.
,,,,,,,,,,,,,,,,,,,,,,,,,,,,,,,,,,,,,,,,,,,,,,,,,,,,,,,,,,,,,,,,,,,,,,,,,,,,,,,,,,,,,,,,,,,,,,,,,,,,,,,,,,,,,,,,,,,,,,,,,,,,,,,,,,,,,,,,,,,"250-2,5",,"11 100,29",,,,,,,,,"250-2,5",,"6 886,18",,,,,,,,,,,,,,,,,,,,,,,,,,,,,,,"250-2,5",,"6 284,02",,,,,,,"ЛСЖ 150х55-1,5",,"460,46",,"1 565,56",,,,,,,,,,,,,,,,,,,,,,,,,,,,,,,,,,,,,,,,,,,,,,,27,Соед. пластина,,"2,5",,20,,"2,5","50,00",,,27,Соед. пластина,,"2,5",,20,,"2,5","50,00",,,,,,,"150-1,5",,"835,60",,"2 757,48",,,,,,,"250-2,0",,"2 150,00",,"17 845,00",,,,,,,"250-2,0",,"2 150,00",,"17 845,00",,,,,,,,,,,,,,27,Уголок,СД-250,"2,5",,4064,,"1,5","6 096,00",,,,,,,,,"250-2,5",,,,,,,,,,,,,,,,,,,,,,,,,,,,,,Цена за тонну расч.,"200,56р.",,Метизы,,"139,89",150,20 983р.,,,,,,,,,,,Итого вес:,,"22 755,44",,,,,,,,Общий вес,,"5 018,71",,,,,,,,,,,Общий вес,,"6 150,88",,,,,,,,,,,Общий вес,,"6 150,88",,,,,,,,,,,,Общий вес,,"6 150,88",,,,,,,,,,,Общий вес,,"6 150,88",,,,,,,,,,,Общий вес,,"3 743,29",,,,,,,,,,,Общий вес,,"6 150,88",,
,,,,,,,,,,,,,,,,,,,,,,,,,,,,,,,,,,,,,,,,,,,,,,,,,,,,,,,,,,,,,,,,,,,,,,,,,,,,,,,,,,,,,,,,,,,,,,,,,,,,,,,,,,,,,,,,,,,,,,,,,,,,,,,,,,,,,,,,,,,"Z 2502,0",,"5 068,80",,,,,,,,,"Z 2502,0",,"4 435,20",,,,,,,,,,,,,,,,,,,,,,,,,,,,,,,"Z 250-2,0",,"3 696,00",,,,,,,,,Итого вес:,,"34 969,51",,,,,,,,,,,,,,,,,,,,,,,,,,,,,,,,,,,,,,,,,,,,,,,,,,,"160X120X7,0",,"595,60",,"16 676,80",,,,,,,"150-1,5",,"835,60",,"2 757,48",,,,,,,"200-2,0",,"396,00",,"2 613,60",,,,,,,,,Итого вес:,,"32 301,52",,,,,,,,,Итого вес:,,"31 050,16",,,,,,,,,,,,,,,,,,,,35К1,,"33 790,00",,,,,,,,,"Z 2502,0",,"22 161,60",,,,,,,,,,,,,,,,,,,,,,,,,,,,Цена на 1 кв. м,"9 727,31р.",,,,,,,,,,,,,,,,,,,,,,,,,ДОГОВОР,,ИТОГО,,,,832 534р.,,,,,,,,,ИТОГО,,,,1 021 169р.,,,,,,,,,ИТОГО,,,,931 214р.,,,,,,,,,,ИТОГО,,,,816 188р.,,,,,,,,,ИТОГО,,,,888 534р.,,,,,,,,,ИТОГО,,,,576 663р.,,,,,,,,,ИТОГО,,,,852 577р.
,,,,,,,,,,,,,,,,,,,,,,,,,,,,,,,,,,,,,,,,,,,,,,,,,,,,,,,,,,,,,,,,,,,,,,,,,,,,,,,,,,,,,,,,,,,,,,,,,,,,,,,,,,,,,,,,,,,,,,,,,,,,,,,,,,,,,,,,,,,Итого вес:,,"24 051,83",,,,,,,,,Итого вес:,,"20 220,91",,,,,,,,,,,,,,,,,,,,,,,,,,,,,,,Итого вес:,,"16 733,14",,,,,,,,,,,,,,,,,,,,,,,,,,,,,,,,,,,,,,,,,,,,,,,,,,,,,,,,,,,,,,150X100X5.0,,"172,72",,"3 392,90",,,,,,,"200-2,0",,"547,2",,"3 611,52",,,,,,,Z 250,,"1 824,00",,"12 038,40",,,,,,,,,,,,,,,,,,,,,,,,,,,,,,,,,,,,,,,,,,"80х80-4,0",,"18 480,00",,,,,,,,,Итого вес оцинк.,,"47 228,48",,,,,,,,,,,,,,,,,,,,,,,,,,,,Цена расч.,"1 021 367,63р.",,Проект,,"5 092,53",2,10 185р.,,,,,,,,,,,,,,,,,,,,,Продажная цена +20%,,,,999 041р.,,,,,,,,,Продажная цена +20%,,,,1 225 402р.,,,,,,,,,Продажная цена +20%,,,,1 117 457р.,,,,,,,,,,Продажная цена +20%,,,,979 426р.,,,,,,,,,Продажная цена +20%,,,,1 066 241р.,,,,,,,,,Продажная цена +20%,,,,691 995р.,,,,,,,,,Продажная цена +20%,,,,1 023 093р.
,,,,,,,,,,,,,,,,,,,,,,,,,,,,,,,,,,,,,,,,,,,,,,,,,,,,,,,,,,,,,,,,,,,,,,,,,,,,,,,,,,,,,,,,,,,,,,,,,,,,,,,,,,,,,,,,,,,,,,,,,,,,,,,,,,,,,,,,,,,,,,,,,,,,,,,,,,,,,,,,,,,,,,,,,,,,,,,,,,,,,,,,,,,,,,,,,,,,,,,,,,,,,,,,,,,,,,,,,,,,,,,,,,,,,,,,,,,,,,,,,,,,,,,"150-1,5",,"835,60",,"2 757,48",,,,,,,Z 250,,"2 188,80",,"14 446,08",,,,,,,"250-2,0",,"1 124,80",,"9 835,84",,,,Затяжка ф16мм,,,5500,36,198,,693,,,,Затяжка ф16мм,,,5500,36,198,,693,,,,,,,,,,,,,,,,,,,,"250-2,0",,"18 376,20",,,,,,,,,Итого вес черн.,,"76 013,36",,,,,,,,,,,,,,,,,,,,,,,,,,,,,,,Общий вес,,"5 092,53",,,,,,,,,,,Оцинковка,,"22 755,44",70,1 592 881р.,,,,,,,,,,,,,,,,,,,,,,,,,,,,,,,,,,,,,,,,,,,,,,,,,,,,,,,,,,,,,,,,,,,,,,,,,,,,,,,,,,,,,,,,,,,
,,,,,,,,,,,,,,,,,,,,,,,,,,,,,,,,,,,,,,,,,,,,,,,,,,,,,,,,,,,,,,,,,,,,,,,,,,,,,,,,,,,,,,,,,,,,,,,,,,,,,,,,,,,,,,,,,,,,,,,,,,,,,,,,,,,,,,,,,,,,,,,,,,,,,,,,,,,,,,,,,,,,,,,,,,,,,,,,,,,,,,,,,,,,,,,,,,,,,,,,,,,,,,,,,,,,,,,,,,,,,,,,,,,,,,,,,,,,,,,,,,,,,,,"200-2,0",,"547,2",,"3 611,52",,,,,,,"250-2,0",,"707,30",,"6 278,96",,,,,,,"250-2,5",,"2 531,88",,"25 571,99",,,,,,,,,,,,,,,,,,,,,,,,,,,,,,,,,,,,,,,,,,"250-2,5",,"150 902,69",,,,,,,,,,,,,,,,,,,,,,,,,,,,,,,,,,,,,,,,,,ИТОГО,,,,851 140р.,,,,,,,,,Уголок 250,,576,120,69 120р.,,,,,,,,,,,,,,,,,,,,,,,,,,,,,,,,,,,,,,,,,,,,,,,,,,,,,,,,,,,,,,,,,,,,,,,,,,,,,,,,,,,,,,,,,,,
,,,,,,,,,,,,,,,,,,,,,,,,,,,,,,,,,,,,,,,,,,,,,,,,,,,,,,,,,,,,,,,,,,,,,,,,,,,,,,,,,,,,,,,,,,,,,,,,,,,,,,,,,,,,,,,,,,,,,,,,,,,,,,,,,,,,,,,,,,,,,,,,,,,,,,,,,,,,,,,,,,,,,,,,,,,,,,,,,,,,,,,,,,,,,,,,,,,,,,,,,,,,,,,,,,,,,,,,,,,,,,,,,,,,,,,,,,,,,,,,,,,,,,,Z 250,,"2 188,80",,"14 446,08",,,,,,,"250-2,5",,"2 169,40",,"21 910,94",,,,,,,,,Итого вес:,,"52 817,31",,,,,,,,,,,,,,,,,,,,,,,,,,,,,,,,,,,,,,,,,,"Z 2502,0",,"45 619,20",,,,,,,,,,,,,,,,,,,,,,,,,,,,,,,,,,,,,,,,,,Продажная цена +20%,,,,1 021 368р.,,,,,,,,,Фасонка 6мм,,"4 551,09",68,309 474р.,,,,,,,,,,,,,,,,,,,,,,,,,,,,,,,,,,,,,,,,,,,,,,,,,,,,,,,,,,,,,,,,,,,,,,,,,,,,,,,,,,,,,,,,,,,
,,,,,,,,,,,,,,,,,,,,,,,,,,,,,,,,,,,,,,,,,,,,,,,,,,,,,,,,,,,,,,,,,,,,,,,,,,,,,,,,,,,,,,,,,,,,,,,,,,,,,,,,,,,,,,,,,,,,,,,,,,,,,,,,,,,,,,,,,,,,,,,,,,,,,,,,,,,,,,,,,,,,,,,,,,,,,,,,,,,,,,,,,,,,,,,,,,,,,,,,,,,,,,,,,,,,,,,,,,,,,,,,,,,,,,,,,,,,,,,,,,,,,,,"250-2,0",,"182,40",,"1 513,92",,,,,,,,,Итого вес:,,"49 004,98",,,,,,,,,,,,,,,,,,,,,,,,,,,,,,,,,,,,,,,,,,,,,,,,,,,,,Итого вес оцинк.,,"214 898,09",,,,,,,,,,,,,,,,,,,,,,,,,,,,,,,,,,,,,,,,,,,,,,,,,,,,,,,Затяжка ф22мм,,,150,0р.,,,,,,,,,,,,,,,,,,,,,,,,,,,,,,,,,,,,,,,,,,,,,,,,,,,,,,,,,,,,,,,,,,,,,,,,,,,,,,,,,,,,,,,,,,,
,,,,,,,,,,,,,,,,,,,,,,,,,,,,,,,,,,,,,,,,,,,,,,,,,,,,,,,,,,,,,,,,,,,,,,,,,,,,,,,,,,,,,,,,,,,,,,,,,,,,,,,,,,,,,,,,,,,,,,,,,,,,,,,,,,,,,,,,,,,,,,,,,,,,,,,,,,,,,,,,,,,,,,,,,,,,,,,,,,,,,,,,,,,,,,,,,,,,,,,,,,,,,,,,,,,,,,,,,,,,,,,,,,,,,,,,,,,,,,,,,,,,,,,"250-2,5",,"1 437,60",,"14 519,76",,,,,,,,,,,,,,,,,,,,,,,,,,,,,,,,,,,,,,,,,,,,,,,,,,,,,,,,,,,,,,,,Итого вес черн.,,"52 270,00",,,,,,,,,,,,,,,,,,,,,,,,,,,,,,,,,,,,,,,,,,,,,,,,,,,,Площадь,810,,Связи ф14мм,,"439,2",140,61 488р.,,,,,,,,,,,,,,,,,,,,,,,,,,,,,,,,,,,,,,,,,,,,,,,,,,,,,,,,,,,,,,,,,,,,,,,,,,,,,,,,,,,,,,,,,,,
,,,,,,,,,,,,,,,,,,,,,,,,,,,,,,,,,,,,,,,,,,,,,,,,,,,,,,,,,,,,,,,,,,,,,,,,,,,,,,,,,,,,,,,,,,,,,,,,,,,,,,,,,,,,,,,,,,,,,,,,,,,,,,,,,,,,,,,,,,,,,,,,,,,,,,,,,,,,,,,,,,,,,,,,,,,,,,,,,,,,,,,,,,,,,,,,,,,,,,,,,,,,,,,,,,,,,,,,,,,,,,,,,,,,,,,,,,,,,,,,,,,,,,,,,Итого вес:,,"36 848,76",,,,,,,,,,,,,,,,,,,,,,,,,,,,,,,,,,,,,,,,,,,,,,,,,,,,,,,,,,,,,,,,,,,,,,,,,,,,,,,,,,,,,,,,,,,,,,,,,,,,,,,,,,,,,,,,,,,,,,Металоемкост расч.,"38,43",,Пятки,,1090,68,74 120р.,,,,,,,,,,,,,,,,,,,,,,,,,,,,,,,,,,,,,,,,,,,,,,,,,,,,,,,,,,,,,,,,,,,,,,,,,,,,,,,,,,,,,,,,,,,
,,,,,,,,,,,,,,,,,,,,,,,,,,,,,,,,,,,,,,,,,,,,,,,,,,,,,,,,,,,,,,,,,,,,,,,,,,,,,,,,,,,,,,,,,,,,,,,,,,,,,,,,,,,,,,,,,,,,,,,,,,,,,,,,,,,,,,,,,,,,,,,,,,,,,,,,,,,,,,,,,,,,,,,,,,,,,,,,,,,,,,,,,,,,,,,,,,,,,,,,,,,,,,,,,,,,,,,,,,,,,,,,,,,,,,,,,,,,,,,,,,,,,,,,,,,,,,,,,,,,,,,,,,,,,,,,,,,,,,,,,,,,,,,,,,,,,,,,,,,,,,,,,,,,,,,,,,,,,,,,,,,,,,,,,,,,,,,,,,,,,,,,,,,,,,,,,,,,,,,,,,,,,,,,,Вес каркаса расч.,"31 125,51",,Метизы,,"1 137,77",110,125 155р.,,,,,,,,,,,,,,,,,,,,,,,,,,,,,,,,,,,,,,,,,,,,,,,,,,,,,,,,,,,,,,,,,,,,,,,,,,,,,,,,,,,,,,,,,,,
,,,,,,,,,,,,,,,,,,,,,,,,,,,,,,,,,,,,,,,,,,,,,,,,,,,,,,,,,,,,,,,,,,,,,,,,,,,,,,,,,,,,,,,,,,,,,,,,,,,,,,,,,,,,,,,,,,,,,,,,,,,,,,,,,,,,,,,,,,,,,,,,,,,,,,,,,,,,,,,,,,,,,,,,,,,,,,,,,,,,,,,,,,,,,,,,,,,,,,,,,,,,,,,,,,,,,,,,,,,,,,,,,,,,,,,,,,,,,,,,,,,,Затяжка ф24мм,,,8000,36,288,,1008,,,,Затяжка ф24мм,,,8000,36,288,,864,,,,Затяжка ф22мм,,,5500,36,198,,693,,,,,,,,,,,,,,,,,,,,,,,,,,,,,,,,,,,,,,,,,,,,,,,,,,,,,,,,,,,,,,,,,,,,,,,,,,,,,,,,,,,,,,,,,,,,,,,,Цена за тонну расч.,"87,99р.",,Доставка,,,,,,,,,,,,,,,,,,,,,,,,,,,,,,,,,,,,,,,,,,,,,,,,,,,,,,,,,,,,,,,,,,,,,,,,,,,,,,,,,,,,,,,,,,,,,,,
,,,,,,,,,,,,,,,,,,,,,,,,,,,,,,,,,,,,,,,,,,,,,,,,,,,,,,,,,,,,,,,,,,,,,,,,,,,,,,,,,,,,,,,,,,,,,,,,,,,,,,,,,,,,,,,,,,,,,,,,,,,,,,,,,,,,,,,,,,,,,,,,,,,,,,,,,,,,,,,,,,,,,,,,,,,,,,,,,,,,,,,,,,,,,,,,,,,,,,,,,,,,,,,,,,,,,,,,,,,,,,,,,,,,,,,,,,,,,,,,,,,,,,,,,,,,,,,,,,,,,,,,,,,,,,,,,,,,,,,,,,,,,,,,,,,,,,,,,,,,,,,,,,,,,,,,,,,,,,,,,,,,,,,,,,,,,,,,,,,,,,,,,,,,,,,,,,,,,,,,,,,,,,,,,Цена на 1 кв. м,"3 381,09р.",,Проект,,,,50 000р.,,,,,,,,,,,,,,,,,,,,,,,,,,,,,,,,,,,,,,,,,,,,,,,,,,,,,,,,,,,,,,,,,,,,,,,,,,,,,,,,,,,,,,,,,,,
,,,,,,,,,,,,,,,,,,,,,,,,,,,,,,,,,,,,,,,,,,,,,,,,,,,,,,,,,,,,,,,,,,,,,,,,,,,,,,,,,,,,,,,,,,,,,,,,,,,,,,,,,,,,,,,,,,,,,,,,,,,,,,,,,,,,,,,,,,,,,,,,,,,,,,,,,,,,,,,,,,,,,,,,,,,,,,,,,,,,,,,,,,,,,,,,,,,,,,,,,,,,,,,,,,,,,,,,,,,,,,,,,,,,,,,,,,,,,,,,,,,,,,,Оцинковка,,"36 848,76",70,2 579 413р.,,,,,,,,,,,,,,,,,,,,,,,,,,,,,Оцинковка,,"32 301,52",70,2 261 106р.,,,,,,,Оцинковка,,"31 050,16",70,2 173 511р.,,,,,,,,,,,,,,,,,,,,,,,,,,,,,,,,,,,,,,,,,,,,,,,,,,,,,,,,,,,,,,,,,,,,,,,,,,Цена расч.,"2 738 685,67р.",,Общий вес,,"31 125,51",,,,,,,,,,,,,,,,,,,,,,,,,,,,,,,,,,,,,,,,,,,,,,,,,,,,,,,,,,,,,,,,,,,,,,,,,,,,,,,,,,,,,,,,,,,,,
,,,,,,,,,,,,,,,,,,,,,,,,,,,,,,,,,,,,,,,,,,,,,,,,,,,,,,,,,,,,,,,,,,,,,,,,,,,,,,,,,,,,,,,,,,,,,,,,,,,,,,,,,,,,,,,,,,,,,,,,,,,,,,,,,,,,,,,,,,,,,,,,,,,,,,,,,,,,,,,,,,,,,,,,,,,,,,,,,,,,,,,,,,,,,,,,,,,,,,,,,,,,,,,,,,,,,,,,,,,,,,,,,,,,,,,,,,,,,,,,,,,,,,,Черн. Мет.,,"20 069,70",65,1 304 531р.,,,,,,,Оцинковка,,"49 004,98",70,3 430 349р.,,,,,,,Оцинковка,,"52 817,31",70,3 697 212р.,,,,,,,Черн. Мет.,,"16 006,88",65,1 040 447р.,,,,,,,Черн. Мет.,,"12 708,28",65,826 038р.,,,,,,,,,,,,,,,,,,,,,,,,,,,,,,,,,,,,,,,,,,,,,,,,,,,,,,,,,,,,,,,,,,,,,,,,,,,,,ИТОГО,,,,2 282 238р.,,,,,,,,,,,,,,,,,,,,,,,,,,,,,,,,,,,,,,,,,,,,,,,,,,,,,,,,,,,,,,,,,,,,,,,,,,,,,,,,,,,,,,,,,,,
,,,,,,,,,,,,,,,,,,,,,,,,,,,,,,,,,,,,,,,,,,,,,,,,,,,,,,,,,,,,,,,,,,,,,,,,,,,,,,,,,,,,,,,,,,,,,,,,,,,,,,,,,,,,,,,,,,,,,,,,,,,,,,,,,,,,,,,,,Оцинковка,,"24 051,83",70,1 683 628р.,,,,,,,,,,,,,,,,,,,,,,,,,,,,,,,,,,,,,,,,,,,,,,,,,,,,,,,,,,,,,,,,,,,,,,,,,,,,,,,,,,,,,,,,,,,,,,,,,,,,,,,,,,Уголок 250,,988,120,118 560р.,,,,,,,Уголок 250,,1234,120,148 080р.,,,,,,,Уголок 250,,1250,120,150 000р.,,,,,,,Уголок 250,,760,120,91 200р.,,,,,,,Уголок 250,,684,120,82 080р.,,,,,,,,,,,,,,,,,,,,,,,,,,,,,,,,,,,,,,,,,,,,,,,,,,,,,,,,,,,,,,,,,,,,,,,,,,,,,Продажная цена +20%,,,,2 738 686р.,,,,,,,,,,,,,,,,,,,,,,,,,,,,,,,,,,,,,,,,,,,,,,,,,,,,,,,,,,,,,,,,,,,,,,,,,,,,,,,,,,,,,,,,,,,
,,,,,,,,,,,,,,,,,,,,,,,,,,,Оцинковка,,"4 349,03",68,295 734р.,,,,,,,,,,,,,,,,,,,,,,,,,,,,,,,,,,,,,,,,,,,,,,,,,,,,,,,,,,,,,,,,,,,,,,,,,,,,,,,,,,,,,,,,,,,,,,,,,,,,,,,,,,Уголок 250,,560,120,67 200р.,,,,,,,,,,,,,,,,,,,,,,,,,,,,,,,,,,,,,,,,,,,,,,,,Площадь,1800,,Оцинковка,,"34 969,51",70,2 447 866р.,,,,,,,,,,,,,,,,,,,,,,,,,,,,,,,,,,,,,,,,,,,,,,,,,,,Уголок 150,,308,90,27 720р.,,,,,,,Уголок 150,,308,90,27 720р.,,,,,,,Уголок 150,,308,90,27 720р.,,,,,,,Уголок 150,,308,90,27 720р.,,,,,,,Уголок 150,,464,90,41 760р.,,,,,,,,,,,,,,,,,,,,,,,,,,,,,,,,,,,,,,,,,,,,,,,,,,,,,,,,,,,,,,,,,,,,,,,,,,,,,,,,,,,,,,,,,,,,,,,,,,,,,,,,,,,,,,,,,,,,,,,,,,,,,,,,,,,,,,,,,,,,,,,,,,,,,,,,,,,,,,,,,,,,,,,,,,,,
,,,,,,,,,,,,,,,,,,,,,,,,,,,Черн. мет.,,"525,00",65,34 125р.,,,,,,,,,,,,,,,,,,,,,,,,,,,,,,,,,,,,,,,,Оцинковка,,"5 484,99",68,372 979р.,,,,,,,,,,,,,,,,,,,,,,,,,,,,,,,,,,,,,,,,,,,,,,,,,,,,,,,,,,,,,,Уголок 150,,108,90,9 720р.,,,,,,,,,,,,,,,,,,Оцинковка,,"10 806,86",70,756 480р.,,,,,,,,,,,,,,,,,,,,,,,,,,Металоемкост расч.,"30,63",,Черн.балка Б1,,"10 234,00",65,665 210р.,,,,,,,,,,,,,,,,,,,,,,,,,,,,,,,,,,,,,,,,,,,,,,,,,,,Соед. уголок,,156,90,14 040р.,,,,,,,Соед. уголок,,156,90,14 040р.,,,,,,,Соед. уголок,,156,90,14 040р.,,,,,,,Соед. уголок,,156,70,10 920р.,,,,,,,Соед. уголок,,156,70,10 920р.,,,,,,,Оцинковка,,"38 667,84",70,2 706 749р.,,,,,,,,,,,,,,,,,,,,,,,,,,,,,,,,,,,,,,,,,,,,,,,,,,,,,,,,,,,,,,,,,,,,,,,,,,,,,,,,,,,,,,,,,,,,,,,,,,,,,,,,,,,,,,,,,,,,,,,,,,,,,,,,,,,,,,,,,,,,,,,,,,,,,,,,,,,,,,,,,
,,,,,,,,,,,,,,,,,,,,,,,,,,,Уголок 200,,72,100,7 200р.,,,,,,,Оцинковка,,"3 838,14",68,260 993р.,,,,,,,Оцинковка,,"4 629,56",68,314 810р.,,,,,,,Оцинковка,,"5 205,98",68,354 006р.,,,,,,,Черн. мет.,,"200,00",65,13 000р.,,,,,,,Оцинковка,,"7 410,64",68,503 923р.,,,,,,,Оцинковка,,"10 817,82",68,735 612р.,,,,,,,Оцинковка,,"4 047,44",70,283 321р.,,,,,,,Оцинковка,,"11 003,20",70,770 224р.,,,,,,,,,,,,,,,,,,Соед. уголок,,84,90,7 560р.,,,,,,,,,,,,,,,,,,Уголок 250,,24,120,2 880р.,,,,,,,Оцинковка,,"16 711,32",70,1 169 792р.,,,,,,,Оцинковка,,"16 733,14",70,1 171 320р.,,,,Вес каркаса расч.,"55 128,82",,Уголок 200,,112,140,15 680р.,,,,,,,,,,,,,,,,,,Оцинковка,,"18 310,10",70,1 281 707р.,,,,,,,,,,,,,,,,,,Оцинковка,,"18 625,19",70,1 303 764р.,,,,,,,Соед. пластина,,20,200,4 000р.,,,,,,,Соед. пластина,,20,200,4 000р.,,,,,,,Соед. пластина,,20,200,4 000р.,,,,,,,Соед. пластина,,20,200,4 000р.,,,,,,,Соед. пластина,,20,200,4 000р.,,,,,,,Уголок 250,,904,120,108 480р.,,,,,,,Оцинковка,,"214 898,09",70,15 042 866р.,,,,,,,,,,,,,,,,,,,,,,,,,,,,,,,,,,,,,,,,,,,,,,,,,,,,,,,,,,,,,,,,,,,,,,,,,,,,,,,,,,,,,,,,,,,,,,,,,,,,,,,,,,,,,,,,,,,,,,,,,,,,,,,,,,,,,,,,,,,,,,,,,,,,,,
,,,,,,,,,,,,,,,,,,,,,,,,,,,Уголок 250,,100,120,12 000р.,,,,,,,Уголок 200,,152,100,15 200р.,,,,,,,Уголок 200,,184,100,18 400р.,,,,,,,Уголок 200,,208,100,20 800р.,,,,,,,Уголок 250,,164,120,19 680р.,,,,,,,Уголок 250,,220,120,26 400р.,,,,,,,Уголок 200,,54,100,5 400р.,,,,,,,Уголок 250,,124,120,14 880р.,,,,,,,Уголок 200,,12,100,1 200р.,,,,,,,,,,,,,,,,,,Соед. пластина,,10,200,2 000р.,,,,,,,Оцинковка,,"20 220,91",70,1 415 464р.,,,,,,,Уголок 300,,224,140,31 360р.,,,,,,,Уголок 250,,560,120,67 200р.,,,,,,,Уголок 200,,14,100,1 400р.,,,,Цена за тонну расч.,"91,59р.",,Уголок 250,,788,65,51 220р.,,,,,,,Оцинковка,,"20 061,83",70,1 404 328р.,,,,,,,Уголок 250,,552,120,66 240р.,,,,,,,Оцинковка,,"17 027,29",70,1 191 910р.,,,,,,,Уголок 250,,398,120,47 760р.,,,,,,,Уголок черн.,,"390,00",65,25 350р.,,,,,,,Уголок черн.,,"390,00",65,25 350р.,,,,,,,Уголок черн.,,"390,00",65,25 350р.,,,,,,,Уголок черн.,,"390,00",65,25 350р.,,,,,,,Уголок черн.,,"390,00",65,25 350р.,,,,,,,Уголок 150,,152,90,13 680р.,,,,,,,Черн.,,"52 270,00",65,3 397 550р.,,,,,,,Оцинковка,,"47 228,48",70,3 305 994р.,,,,,,,,,,,,,,,,,,,,,,,,,,,,,,,,,,,,,,,,,,,,,,,,,,,,,,,,,,,,,,,,,,,,,,,,,,,,,,,,,,,,,,,,,,,,,,,,,,,,,,,,,,,,,,,,,,,,,,,,,,,,,,,,,,,,,,,,,,,
,,,,,Оцинковка,,"427,68",68,29 082р.,,,,,,,Оцинковка,,"920,37",68,62 585р.,,,,,,,Фасонка 6мм,,"1 304,71",65,84 806р.,,,,,,,Фасонка 6мм,,"767,63",65,49 896р.,,,,,,,Фасонка 6мм,,"925,91",65,60 184р.,,,,,,,Фасонка 6мм,,"1 041,20",65,67 678р.,,,,,,,Фасонка 6мм,,"1 097,00",65,71 305р.,,,,,,,Фасонка 6мм,,"1 482,13",65,96 338р.,,,,,,,Уголок 250,,180,120,21 600р.,,,,,,,Фасонка 6мм,,"809,49",65,52 617р.,,,,,,,Уголок 250,,292,120,35 040р.,,,,,,,Оцинковка,,"11 519,66",70,806 376р.,,,,,,,Уголок черн.,,"625,35",65,40 648р.,,,,,,,Уголок 250,,502,120,60 240р.,,,,Площадь,"514,5",,Фасонка 6мм,,"2 161,37",65,140 489р.,,,,Площадь,"661,5",,Фасонка 6мм,,"3 342,26",65,217 247р.,,,,,,,Уголок 250,,406,120,48 720р.,,,,Цена на 1 кв. м,"2 805,11р.",,Фасонка 6мм,,"5 245,43",110,576 997р.,,,,,,,Уголок 250,,420,120,50 400р.,,,,,,,Фасонка 6мм,,"4 577,53",65,297 539р.,,,,,,,Уголок 250,,340,120,40 800р.,,,,,,,Фасонка 6мм,,"3 725,04",65,242 128р.,,,,,,,Фасонка 6мм,,"5 527,31",65,359 275р.,,,,,,,Фасонка 6мм,,"9 801,00",65,637 065р.,,,,,,,Фасонка 6мм,,"10 563,46",65,686 625р.,,,,,,,Фасонка 6мм,,"4 845,23",65,314 940р.,,,,,,,Фасонка 6мм,,"4 657,52",65,302 739р.,,,,,,,Фасонка 6мм,,"7 733,57",65,502 682р.,,,,,,,Уголок 250,,4064,120,487 680р.,,,,,,,Черн.,,"76 013,36",65,4 940 868р.,,,,,,,Оцинковка,,"7 569,94",70,529 896р.,,,,,,,,Оцинковка,,"6 734,95",70,471 446р.,,,,,,,,,,,,,,,,,,,,,,,,,,,,,,,,,,,,,,,,,,,,,,,,,,,,,,,,,,,,,,,,,,,,,,,,,,,,,,,,,,,,,,,,,,,,,,,,,,,,,,,,,,,,,,,,,,,,
,,,,,Уголок 200,,24,100,2 400р.,,,,,,,Уголок 200,,52,100,5 200р.,,,,Площадь,162,,Затяжка ф18мм,,66,160,10 560р.,,,,Площадь,252,,Затяжка ф14мм,,"67,08",160,10 733р.,,,,Площадь,336,,Затяжка ф14мм,,"90,48",160,14 477р.,,,,Площадь,"396,8",,Затяжка ф14мм,,"109,2",160,17 472р.,,,,Площадь,300,,Затяжка ф20мм,,"139,2",180,25 056р.,,,,Площадь,"472,5",,Затяжка ф20мм,,219,180,39 420р.,,,,,,,Фасонка 6мм,,"2 163,56",65,140 632р.,,,,Площадь,240,,Затяжка ф20мм,,99,180,17 820р.,,,,Площадь,504,,Фасонка 6мм,,"2 200,64",65,143 042р.,,,,,,,Уголок 250,,360,120,43 200р.,,,,Площадь,"979,2",,Фасонка 6мм,,"4 810,37",65,312 674р.,,,,Площадь,"979,2",,Фасонка 6мм,,"4 044,18",65,262 872р.,,,,Металоемкост расч.,"29,58",,Затяжка ф20мм,,"370,8",180,66 744р.,,,,Металоемкост расч.,"35,09",,Затяжка ф20мм,,"494,4",180,88 992р.,,,,Площадь,672,,Фасонка 6мм,,"3 346,63",65,217 531р.,,,,Цена расч.,"5 049 196,19р.",,Связи фахв. ф14мм,,298,140,41 720р.,,,,Площадь,800,,Фасонка 6мм,,"4 012,37",65,260 804р.,,,,,,,Затяжка ф22мм,,825,180,148 500р.,,,,,,,Фасонка 6мм,,"3 405,46",65,221 355р.,,,,,,,Затяжка ф22мм,,612,180,110 160р.,,,,Площадь,"2973,12",,Затяжка ф24мм,,1188,180,213 840р.,,,,Площадь,"2973,12",,Затяжка ф24мм,,1044,180,187 920р.,,,,Площадь,"2918,4",,Затяжка ф22мм,,873,180,157 140р.,,,,Площадь,2660,,Затяжка ф16мм,,873,180,157 140р.,,,,Площадь,2660,,Затяжка ф16мм,,873,180,157 140р.,,,,Площадь,"2553,6",,Затяжка ф18мм,,693,180,124 740р.,,,,Площадь,9720,,Фасонка 6мм,,"21 489,81",65,1 396 838р.,,,,,,,Уголок 200,,912,100,91 200р.,,,,,,,Уголок 250,,240,120,28 800р.,,,,,,,,Уголок 250,,182,120,21 840р.,,,,,,,,,,,,,,,,,,,,,,,,,,,,,,,,,,,,,,,,,,,,,,,,,,,,,,,,,,,,,,,,,,,,,,,,,,,,,,,,,,,,,,,,,,,,,,,,,,,,,,,,,,,,,,,,,,,,
,,,,,Фасонка 6мм,,"42,77",65,2 780р.,,,,,,,Фасонка 6мм,,"92,04",65,5 982р.,,,,Металоемкост расч.,"44,61",,Связи ф12мм,,"98,56",140,13 798р.,,,,Металоемкост расч.,"23,20",,Связи ф12мм,,"59,28",140,8 299р.,,,,Металоемкост расч.,"20,21",,Связи ф12мм,,"53,8",140,7 532р.,,,,Металоемкост расч.,"19,13",,Связи ф12мм,,"53,8",140,7 532р.,,,,Металоемкост расч.,"26,74",,Связи ф14мм,,"81,38",140,11 393р.,,,,Металоемкост расч.,"22,46",,Связи ф14мм,,"81,38",140,11 393р.,,,,Площадь,341,,Связи ф14мм,,"335,92",140,47 029р.,,,,Металоемкост расч.,"26,76",,Связи ф14мм,,"167,96",140,23 514р.,,,,Металоемкост расч.,"29,69",,Связи ф14мм,,"115,96",140,16 234р.,,,,Площадь,450,,Фасонка 6мм,,"2 303,93",68,156 667р.,,,,Металоемкост расч.,"33,15",,Связи ф14мм,,"347,88",140,48 703р.,,,,Металоемкост расч.,"27,89",,Связи ф14мм,,"347,88",140,48 703р.,,,,Вес каркаса расч.,"15 219,70",,Связи ф14мм,,"91,52",140,12 813р.,,,,Вес каркаса расч.,"23 215,07",,Связи ф14мм,,"91,52",140,12 813р.,,,,Металоемкост расч.,"33,25",,Связи ф14мм,,"134,8",140,18 872р.,,,,,,,Связи ф16мм,,"277,01",140,38 781р.,,,,Металоемкост расч.,"33,32",,Связи ф14мм,,"134,8",140,18 872р.,,,,Площадь,1200,,Связи ф14мм,,"190,32",140,26 645р.,,,,Площадь,1200,,Связи ф14мм,,"190,32",140,26 645р.,,,,Площадь,1134,,Связи ф14мм,,"190,32",140,26 645р.,,,,Металоемкост расч.,"24,26",,Связи ф14мм,,"1580,4",140,221 256р.,,,,Металоемкост расч.,"23,39",,Связи ф14мм,,"1110,96",140,155 534р.,,,,Металоемкост расч.,"25,11",,Связи ф14мм,,585,140,81 900р.,,,,Металоемкост расч.,"23,16",,Связи ф14мм,,"1580,4",120,189 648р.,,,,Металоемкост расч.,"21,25",,Связи ф14мм,,"1580,4",120,189 648р.,,,,Металоемкост расч.,"21,25",,Связи ф14мм,,675,140,94 500р.,,,,Металоемкост расч.,"32,15",,Связи ф14мм,,2500,140,350 000р.,,,,Площадь,4104,,Фасонка 6мм,,"7 084,27",65,460 478р.,,,,Площадь,270,,Фасонка 6мм,,"1 513,99",68,102 951р.,,,,,Площадь,270,,Фасонка 6мм,,"1 346,99",68,91 595р.,,,,,,,,,,,,,,,,,,,,,,,,,,,,,,,,,,,,,,,,,,,,,,,,,,,,,,,,,,,,,,,,,,,,,,,,,,,,,,,,,,,,,,,,,,,,,,,,,,,,,,,,,,,,,,,,,,,,
,,Площадь,9,,Пятки,,170,65,11 050р.,,,,Площадь,"27,5",,Пятки,,220,65,14 300р.,,,,Вес каркаса расч.,"7 227,00",,Пятки,,490,65,31 850р.,,,,Вес каркаса расч.,"5 846,43",,Пятки,,740,65,48 100р.,,,,Вес каркаса расч.,"6 792,03",,Пятки,,640,65,41 600р.,,,,Вес каркаса расч.,"7 592,13",,Пятки,,620,65,40 300р.,,,,Вес каркаса расч.,"8 022,82",,Пятки,,500,65,32 500р.,,,,Вес каркаса расч.,"10 613,68",,Пятки,,720,65,46 800р.,,,,Металоемкост расч.,"43,73",,Пятки,,720,65,46 800р.,,,,Вес каркаса расч.,"6 422,26",,Пятки,,910,65,59 150р.,,,,Вес каркаса расч.,"14 962,37",,Пятки,,640,65,41 600р.,,,,Металоемкост расч.,"35,31",,Связи ф14мм,,"347,88",140,48 703р.,,,,Вес каркаса расч.,"32 462,67",,Пятки,,1210,65,78 650р.,,,,Вес каркаса расч.,"27 307,02",,Пятки,,930,65,60 450р.,,,,Цена за тонну расч.,"90,47р.",,Пятки,,720,65,46 800р.,,,,Цена за тонну расч.,"90,61р.",,Пятки,,900,65,58 500р.,,,,Вес каркаса расч.,"22 342,22",,Пятки,,800,65,52 000р.,,,,,,,Пятки,,1040,65,67 600р.,,,,Вес каркаса расч.,"26 657,29",,Пятки,,950,65,61 750р.,,,,Металоемкост расч.,"22,64",,Пятки,,1525,65,99 125р.,,,,Металоемкост расч.,"19,24",,Пятки,,1105,65,71 825р.,,,,Металоемкост расч.,"22,72",,Пятки,,1080,65,70 200р.,,,,Вес каркаса расч.,"72 114,10",,Пятки,,1900,65,123 500р.,,,,Вес каркаса расч.,"69 534,19",,Пятки,,3600,65,234 000р.,,,,Вес каркаса расч.,"73 266,64",,Пятки,,3240,65,210 600р.,,,,Вес каркаса расч.,"61 614,45",,Пятки,,1780,65,115 700р.,,,,Вес каркаса расч.,"56 535,29",,Пятки,,1780,65,115 700р.,,,,Вес каркаса расч.,"54 270,80",,Пятки,,3136,65,203 840р.,,,,Вес каркаса расч.,"312 485,62",,Пятки,,4545,65,295 425р.,,,,Металоемкост расч.,"34,09",,Пятки,,2340,65,152 100р.,,,,Металоемкост расч.,"38,73",,Связи ф14мм,,"173,94",140,24 352р.,,,,,Металоемкост расч.,"34,02",,Связи ф14мм,,"173,94",140,24 352р.,,,,,,,,,,,,,,,,,,,,,,,,,,,,,,,,,,,,,,,,,,,,,,,,,,,,,,,,,,,,,,,,,,,,,,,,,,,,,,,,,,,,,,,,,,,,,,,,,,,,,,,,,,,,,,,,,,,,
,,Металоемкост расч.,"76,68",,Метизы,,"25,66",110,2 823р.,,,,Металоемкост расч.,"48,71",,Метизы,,"55,22",110,6 074р.,,,,Цена за тонну расч.,"89,42р.",,Метизы,,"243,70",110,26 807р.,,,,Цена за тонну расч.,"88,64р.",,Метизы,,"191,91",110,21 110р.,,,,Цена за тонну расч.,"88,84р.",,Метизы,,"231,48",110,25 463р.,,,,Цена за тонну расч.,"89,29р.",,Метизы,,"312,36",110,34 359р.,,,,Цена за тонну расч.,"89,77р.",,Метизы,,"274,25",110,30 167р.,,,,Цена за тонну расч.,"90,10р.",,Метизы,,"370,53",110,40 758р.,,,,Вес каркаса расч.,"14 913,00",,Метизы,,"540,89",110,59 498р.,,,,Цена за тонну расч.,"90,89р.",,Метизы,,"202,37",110,22 261р.,,,,Цена за тонну расч.,"88,04р.",,Метизы,,"550,16",110,60 518р.,,,,Вес каркаса расч.,"15 887,46",,Пятки,,600,68,40 800р.,,,,Цена за тонну расч.,"90,49р.",,Метизы,,"1 202,59",110,132 285р.,,,,Цена за тонну расч.,"88,49р.",,Метизы,,"1 011,05",110,111 215р.,,,,Цена на 1 кв. м,"2 676,25р.",,Метизы,,"540,34",110,59 438р.,,,,Цена на 1 кв. м,"3 179,84р.",,Метизы,,"835,57",110,91 912р.,,,,Цена за тонну расч.,"88,44р.",,Метизы,,"836,66",110,92 032р.,,,,,,,Метизы,,"1 748,48",110,192 332р.,,,,Цена за тонну расч.,"88,22р.",,Метизы,,"1 003,09",110,110 340р.,,,,Вес каркаса расч.,"27 171,45",,Метизы,,"915,51",110,100 706р.,,,,Вес каркаса расч.,"23 089,43",,Метизы,,"851,36",110,93 650р.,,,,Вес каркаса расч.,"25 760,81",,Метизы,,"931,26",110,102 439р.,,,,Цена за тонну расч.,"90,67р.",,Метизы,,"2 845,92",110,313 052р.,,,,Цена за тонну расч.,"90,99р.",,Метизы,,"2 450,25",110,269 527р.,,,,Цена за тонну расч.,"89,94р.",,Метизы,,"2 640,87",110,290 495р.,,,,Цена за тонну расч.,"90,12р.",,Метизы,,"2415,42",110,265 696р.,,,,Цена за тонну расч.,"90,90р.",,Метизы,,"2187,922",110,240 671р.,,,,Цена за тонну расч.,"90,12р.",,Метизы,,"1 933,39",110,212 673р.,,,,Цена за тонну расч.,"86,24р.",,Метизы,,"10 686,72",110,1 175 540р.,,,,Вес каркаса расч.,"139 922,60",,Метизы,,"6 162,09",110,677 830р.,,,,Вес каркаса расч.,"10 456,37",,Пятки,,460,68,31 280р.,,,,,Вес каркаса расч.,"9 185,62",,Пятки,,320,68,21 760р.,,,,,,,,,,,,,,,,,,,,,,,,,,,,,,,,,,,,,,,,,,,,,,,,,,,,,,,,,,,,,,,,,,,,,,,,,,,,,,,,,,,,,,,,,,,,,,,,,,,,,,,,,,,,,,,,,,,,
,,Вес каркаса расч.,"690,11",,Доставка 18т,,,,3 000р.,,,,Вес каркаса расч.,"1 339,63",,Доставка 18т,,,,,,,,Цена на 1 кв. м,"3 989,35р.",,Доставка 18т,,,,,,,,Цена на 1 кв. м,"2 056,52р.",,Доставка,,,,,,,,Цена на 1 кв. м,"1 795,86р.",,Доставка,,,,,,,,Цена на 1 кв. м,"1 708,44р.",,Доставка,,,,,,,,Цена на 1 кв. м,"2 400,60р.",,Доставка,,,,,,,,Цена на 1 кв. м,"2 023,81р.",,Доставка,,,,,,,,Цена за тонну расч.,"87,42р.",,Доставка,,,,,,,,Цена на 1 кв. м,"2 432,04р.",,Доставка,,,,,,,,Цена на 1 кв. м,"2 613,77р.",,Доставка,,,,,,,,Цена за тонну расч.,"89,95р.",,Метизы,,"575,98",110,63 358р.,,,,Цена на 1 кв. м,"2 999,99р.",,Доставка,,,,,,,,Цена на 1 кв. м,"2 467,60р.",,Доставка,,,,,,,,Цена расч.,"1 376 932,22р.",,Доставка,,,,,,,,Цена расч.,"2 103 464,11р.",,Доставка,,,,,,,,Цена на 1 кв. м,"2 940,28р.",,Доставка 18т,,,,,,,,,,,Доставка 18т,,,,,,,,Цена на 1 кв. м,"2 939,71р.",,Доставка 18т,,,,,,,,Цена за тонну расч.,"91,63р.",,Доставка,,,,,,,,Цена за тонну расч.,"87,96р.",,Доставка,,,,,,,,Цена за тонну расч.,"91,05р.",,Доставка,,,,,,,,Цена на 1 кв. м,"2 199,21р.",,Доставка,,,,,,,,Цена на 1 кв. м,"2 128,13р.",,Доставка,,,,,,,,Цена на 1 кв. м,"2 258,07р.",,,,,,,,,,Цена на 1 кв. м,"2 087,41р.",,Доставка,,,,,,,,Цена на 1 кв. м,"1 932,01р.",,Доставка,,,,,,,,Цена на 1 кв. м,"1 915,36р.",,Доставка,,,,,,,,Цена на 1 кв. м,"2 772,64р.",,Доставка 18т,,,,,,,,Цена за тонну расч.,"83,78р.",,Доставка 18т,,,,,,,,Цена за тонну расч.,"89,49р.",,Метизы,,"378,50",110,41 635р.,,,,,Цена за тонну расч.,"89,67р.",,Метизы,,"336,75",110,37 042р.,,,,,,,,,,,,,,,,,,,,,,,,,,,,,,,,,,,,,,,,,,,,,,,,,,,,,,,,,,,,,,,,,,,,,,,,,,,,,,,,,,,,,,,,,,,,,,,,,,,,,,,,,,,,,,,,,,,,
,,Цена за тонну расч.,"96,37р.",,Проект,,"690,11",3,2 070р.,,,,Цена за тонну расч.,"91,59р.",,Проект,,"1 339,63",3,4 019р.,,,,Цена расч.,"646 274,26р.",,Проект,,"7 227,00",3,21 681р.,,,,Цена расч.,"518 244,24р.",,Проект,,"5 846,43",3,17 539р.,,,,Цена расч.,"603 409,85р.",,Проект,,"6 792,03",3,20 376р.,,,,Цена расч.,"677 908,80р.",,Проект,,"7 592,13",3,22 776р.,,,,Цена расч.,"720 179,02р.",,Проект,,"8 022,82",3,24 068р.,,,,Цена расч.,"956 249,09р.",,Проект,,"10 613,68",3,31 841р.,,,,Цена на 1 кв. м,"3 823,10р.",,Проект,,"14 913,00",2,29 826р.,,,,Цена расч.,"583 688,83р.",,Проект,,"6 422,26",2,12 845р.,,,,Цена расч.,"1 317 339,22р.",,Проект,,"14 962,37",2,29 925р.,,,,Цена на 1 кв. м,"3 175,68р.",,Доставка 18т,,,,,,,,Цена расч.,"2 937 591,48р.",,Проект,,"32 462,67",2,64 925р.,,,,Цена расч.,"2 416 269,32р.",,Проект,,"27 307,02",2,54 614р.,,,,,,,Проект,,"15 219,70",2,30 439р.,,,,,,,Проект,,"23 215,07",2,46 430р.,,,,Цена расч.,"1 975 870,99р.",,Проект,,"22 342,22",2,44 684р.,,,,,,,Проект,,"55 128,82",2,110 258р.,,,,Цена расч.,"2 351 770,24р.",,Проект,,"26 657,29",2,53 315р.,,,,Цена на 1 кв. м,"2 074,80р.",,Проект,,"27 171,45",2,54 343р.,,,,Цена на 1 кв. м,"1 692,36р.",,Проект,,"23 089,43",2,46 179р.,,,,Цена на 1 кв. м,"2 068,38р.",,Проект,,"25 760,81",2,51 522р.,,,,Цена расч.,"6 538 517,80р.",,Проект,,"72 114,10",2,144 228р.,,,,Цена расч.,"6 327 184,20р.",,Проект,,"69 534,19",2,139 068р.,,,,Цена расч.,"6 589 938,03р.",,Проект,,"73 266,64",2,146 533р.,,,,Цена расч.,"5 552 515,82р.",,Проект,,"61 614,45",2,123 229р.,,,,Цена расч.,"5 139 154,14р.",,Проект,,"56 535,29",2,113 071р.,,,,Цена расч.,"4 891 062,53р.",,Проект,,"54 270,80",2,108 542р.,,,,Цена расч.,"26 950 060,53р.",,Проект,,"312 485,62",1,312 486р.,,,,Цена на 1 кв. м,"2 856,26р.",,Проект,,,,139 923р.,,,,Цена на 1 кв. м,"3 465,89р.",,Доставка 18т,,,,,,,,,Цена на 1 кв. м,"3 050,70р.",,Доставка 18т,,,,,,,,,,,,,,,,,,,,,,,,,,,,,,,,,,,,,,,,,,,,,,,,,,,,,,,,,,,,,,,,,,,,,,,,,,,,,,,,,,,,,,,,,,,,,,,,,,,,,,,,,,,,,,,,,,,,,,,,
,,Цена на 1 кв. м,"7 389,61р.",,Общий вес,,"690,11",,,,,,Цена на 1 кв. м,"4 461,86р.",,Общий вес,,"1 339,63",,,,,,,,,Общий вес,,"7 227,00",,,,,,,,,Общий вес,,"5 846,43",,,,,,,,,Общий вес,,"6 792,03",,,,,,,,,Общий вес,,"7 592,13",,,,,,,,,Общий вес,,"8 022,82",,,,,,,,,Общий вес,,"10 613,68",,,,,,Цена расч.,"1 303 675,89р.",,Общий вес,,"14 913,00",,,,,,,,,Общий вес,,"6 422,26",,,,,,,,,Общий вес,,"14 962,37",,,,,,Цена расч.,"1 429 055,78р.",,Проект,,"15 887,46",2,31 775р.,,,,,,,Общий вес,,"32 462,67",,,,,,,,,Общий вес,,"27 307,02",,,,,,,,,Общий вес,,"15 219,70",,,,,,,,,Общий вес,,"23 215,07",,,,,,,,,Общий вес,,"22 342,22",,,,,,,,,Общий вес,,"55 128,82",,,,,,,,,Общий вес,,"26 657,29",,,,,,Цена расч.,"2 489 765,25р.",,Общий вес,,"27 171,45",,,,,,Цена расч.,"2 030 836,60р.",,Общий вес,,"23 089,43",,,,,,Цена расч.,"2 345 539,31р.",,Общий вес,,"25 760,81",,,,,,,,,Общий вес,,"72 114,10",,,,,,,,,Общий вес,,"69 534,19",,,,,,,,,Общий вес,,"73 266,64",,,,,,,,,Общий вес,,"61 614,45",,,,,,,,,Общий вес,,"56 535,29",,,,,,,,,Общий вес,,"54 270,80",,,,,,,,,Общий вес,,"312 485,62",,,,,,Цена расч.,"11 722 070,88р.",,Общий вес,,"139 922,60",,,,,,Цена расч.,"935 791,18р.",,Проект,,"10 456,37",2,20 913р.,,,,,Цена расч.,"823 687,84р.",,Проект,,"9 185,62",2,18 371р.,,,,,,,,,,,,,,,,,,,,,,,,,,,,,,,,,,,,,,,,,,,,,,,,,,,,,,,,,,,,,,,,,,,,,,,,,,,,,,,,,,,,,,,,,,,,,,,,,,,,,,,,,,,,,,,,,,,,
,,Цена расч.,"66 506,47р.",,ИТОГО,,,,53 205р.,,,,Цена расч.,"122 701,12р.",,ИТОГО,,,,98 161р.,,,,,,,ИТОГО,,,,538 562р.,,,,,,,ИТОГО,,,,431 870р.,,,,,,,ИТОГО,,,,502 842р.,,,,,,,ИТОГО,,,,564 924р.,,,,,,,ИТОГО,,,,600 149р.,,,,,,,ИТОГО,,,,796 874р.,,,,,,,ИТОГО,,,,1 086 397р.,,,,,,,ИТОГО,,,,486 407р.,,,,,,,ИТОГО,,,,1 097 783р.,,,,,,,Общий вес,,"15 887,46",,,,,,,,,ИТОГО,,,,2 447 993р.,,,,,,,ИТОГО,,,,2 013 558р.,,,,,,,ИТОГО,,,,1 147 444р.,,,,,,,ИТОГО,,,,1 752 887р.,,,,,,,ИТОГО,,,,1 646 559р.,,,,,,,ИТОГО,,,,4 207 663р.,,,,,,,ИТОГО,,,,1 959 809р.,,,,,,,ИТОГО,,,,2 074 804р.,,,,,,,ИТОГО,,,,1 692 364р.,,,,,,,ИТОГО,,,,1 954 616р.,,,,,,,ИТОГО,,,,5 448 765р.,,,,,,,ИТОГО,,,,5 272 654р.,,,,,,,ИТОГО,,,,5 491 615р.,,,,,,,ИТОГО,,,,4 627 097р.,,,,,,,ИТОГО,,,,4 282 628р.,,,,,,,ИТОГО,,,,4 075 885р.,,,,,,,ИТОГО,,,,22 458 384р.,,,,,,,ИТОГО,,,,9 768 392р.,,,,,,,Общий вес,,"10 456,37",,,,,,,,,,Общий вес,,"9 185,62",,,,,,,,,,,,,,,,,,,,,,,,,,,,,,,,,,,,,,,,,,,,,,,,,,,,,,,,,,,,,,,,,,,,,,,,,,,,,,,,,,,,,,,,,,,,,,,,,,,,,,,,,,,,,,,,,,,,,,
,,,,,Продажная цена +20%,,,,66 506р.,,,,,,,Продажная цена +20%,,,,122 701р.,,,,,,,Продажная цена +20%,,,,646 274р.,,,,,,,Продажная цена +20%,,,,518 244р.,,,,,,,Продажная цена +20%,,,,603 410р.,,,,,,,Продажная цена +20%,,,,677 909р.,,,,,,,Продажная цена +20%,,,,720 179р.,,,,,,,Продажная цена +20%,,,,956 249р.,,,,,,,Продажная цена +20%,,,,1 303 676р.,,,,,,,Продажная цена +20%,,,,583 689р.,,,,,,,Продажная цена +20%,,,,1 317 339р.,,,,монтаж,"317 749,10р.",,ИТОГО,,,,1 190 880р.,,,,,,,Продажная цена +20%,,,,2 937 591р.,,,,,,,Продажная цена +20%,,,,2 416 269р.,,,,,,,Продажная цена +20%,,,,1 376 932р.,,,,,,,Продажная цена +20%,,,,2 103 464р.,,,,,,,Продажная цена +20%,,,,1 975 871р.,,,,,,,Продажная цена +20%,,,,5 049 196р.,,,,,,,Продажная цена +20%,,,,2 351 770р.,,,,,,,Продажная цена +20%,,,,2 489 765р.,,,,,,,Продажная цена +20%,,,,2 030 837р.,,,,,,,Продажная цена +20%,,,,2 345 539р.,,,,,,,Продажная цена +20%,,,,6 538 518р.,,,,,,,Продажная цена +20%,,,,6 327 184р.,,,,,,,Продажная цена +20%,,,,6 589 938р.,,,,,,,Продажная цена +20%,,,,5 552 516р.,,,,,,,Продажная цена +20%,,,,5 139 154р.,,,,,,,Продажная цена +20%,,,,4 891 063р.,,,,,,,Продажная цена +20%,,,,26 950 061р.,,,,,,,Продажная цена +20%,,,,11 722 071р.,,,,монтаж,"209 127,30р.",,ИТОГО,,,,779 826р.,,,,,монтаж,"183 712,45р.",,ИТОГО,,,,686 407р.,,,,,,,,,,,,,,,,,,,,,,,,,,,,,,,,,,,,,,,,,,,,,,,,,,,,,,,,,,,,,,,,,,,,,,,,,,,,,,,,,,,,,,,,,,,,,,,,,,,,,,,,,,,,,,,,,,,,
,,,,,,,,,,,,,,,,,,,,,,,,,,,,,,,,,,,,,,,,,,,,,,,,,,,,,,,,,,,,,,,,,,,,,,,,,,,,,,,,,,,,,,,,,,,,,,,,,,,,,,,,,,,,,,,,,,,,,,,,,,,итого,"1 746 804,88р.",,Продажная цена +20%,,,,1 429 056р.,,,,,,,,,,,,,,,,,,,,,,,,,,,,,,,,,,,,,,,,,,,,,,,,,,,,,,,,,,,,,,,,,,,,,,,,,,,,,,,,,,,,,,,,,,,,,,,,,,,,,,,,,,,,,,,,,,,,,,,,,,,,,,,,,,,,,,,,,,,,,,,,,,,,,,,,,,,,,,,,,,,,,,,,,,,,,,,,,,,,,,,,,,,,,,,,,,,,,,,,,,итого,"1 144 918,48р.",,Продажная цена +20%,,,,935 791р.,,,,,итого,"1 007 400,29р.",,Продажная цена +20%,,,,823 688р.,,,,,,,,,,,,,,,,,,,,,,,,,,,,,,,,,,,,,,,,,,,,,,,,,,,,,,,,,,,,,,,,,,,,,,,,,,,,,,,,,,,,,,,,,,,,,,,,,,,,,,,,,,,,,,,,,,,,